Godot Engine v4.6.stable.official.89cea1439 - https://godotengine.org

=== RUNTIME-MEMORY arm FULL_WINDOW ===
windows 40, window 40000 ms, sample every 2000 ms
backend pids at arm start: [9932, 14228, 16116, 18004, 19828, 20496, 20924, 21612, 22296, 23112, 25896, 25988]
  final live-client sample taken; the orchestrator measures the
  disconnect phase, since this process cannot observe its own exit

[ARM FULL_WINDOW] samples 588, requests 4970, completions 4970, recoveries 40
  PROBLEM: BACKEND_RESTARTED_MID_ARM: [9932, 14228, 16116, 18004, 19828, 20496, 20924, 21612, 22296, 23112, 25896, 25988] -> [9932, 12100, 14228, 16116, 19828, 20496, 20924, 21612, 22296, 23112, 25896, 25988]
  PROBLEM: BACKEND_RESTARTED_MID_ARM: [9932, 14228, 16116, 18004, 19828, 20496, 20924, 21612, 22296, 23112, 25896, 25988] -> [9932, 12100, 14228, 16116, 19828, 20496, 20924, 21612, 22296, 23112, 25896, 25988]
  PROBLEM: BACKEND_RESTARTED_MID_ARM: [9932, 14228, 16116, 18004, 19828, 20496, 20924, 21612, 22296, 23112, 25896, 25988] -> [9932, 12100, 14228, 16116, 19828, 20496, 20924, 21612, 22296, 23112, 25896, 25988]
  PROBLEM: BACKEND_RESTARTED_MID_ARM: [9932, 14228, 16116, 18004, 19828, 20496, 20924, 21612, 22296, 23112, 25896, 25988] -> [9932, 12100, 14228, 16116, 19828, 20496, 20924, 21612, 22296, 23112, 25896, 25988]
  PROBLEM: BACKEND_RESTARTED_MID_ARM: [9932, 14228, 16116, 18004, 19828, 20496, 20924, 21612, 22296, 23112, 25896, 25988] -> [9932, 12100, 14228, 16116, 19828, 20496, 20924, 21612, 22296, 23112, 25896, 25988]
  PROBLEM: BACKEND_RESTARTED_MID_ARM: [9932, 14228, 16116, 18004, 19828, 20496, 20924, 21612, 22296, 23112, 25896, 25988] -> [9932, 12100, 14228, 16116, 19828, 20496, 20924, 21612, 22296, 23112, 25896, 25988]
  PROBLEM: BACKEND_RESTARTED_MID_ARM: [9932, 14228, 16116, 18004, 19828, 20496, 20924, 21612, 22296, 23112, 25896, 25988] -> [9932, 12100, 14228, 16116, 19828, 20496, 20924, 21612, 22296, 23112, 25896, 25988]
  PROBLEM: BACKEND_RESTARTED_MID_ARM: [9932, 14228, 16116, 18004, 19828, 20496, 20924, 21612, 22296, 23112, 25896, 25988] -> [9932, 12100, 14228, 16116, 19828, 20496, 20924, 21612, 22296, 23112, 25896, 25988]
  PROBLEM: BACKEND_RESTARTED_MID_ARM: [9932, 14228, 16116, 18004, 19828, 20496, 20924, 21612, 22296, 23112, 25896, 25988] -> [9932, 12100, 14228, 16116, 19828, 20496, 20924, 21612, 22296, 23112, 25896, 25988]
  PROBLEM: BACKEND_RESTARTED_MID_ARM: [9932, 14228, 16116, 18004, 19828, 20496, 20924, 21612, 22296, 23112, 25896, 25988] -> [9932, 12100, 14228, 16116, 19828, 20496, 20924, 21612, 22296, 23112, 25896, 25988]
  PROBLEM: BACKEND_RESTARTED_MID_ARM: [9932, 14228, 16116, 18004, 19828, 20496, 20924, 21612, 22296, 23112, 25896, 25988] -> [9932, 12100, 14228, 16116, 19828, 20496, 20924, 21612, 22296, 23112, 25896, 25988]
  PROBLEM: BACKEND_RESTARTED_MID_ARM: [9932, 14228, 16116, 18004, 19828, 20496, 20924, 21612, 22296, 23112, 25896, 25988] -> [9932, 12100, 14228, 16116, 19828, 20496, 20924, 21612, 22296, 23112, 25896, 25988]
  PROBLEM: BACKEND_RESTARTED_MID_ARM: [9932, 14228, 16116, 18004, 19828, 20496, 20924, 21612, 22296, 23112, 25896, 25988] -> [9932, 12100, 14228, 16116, 19828, 20496, 20924, 21612, 22296, 23112, 25896, 25988]
  PROBLEM: BACKEND_RESTARTED_MID_ARM: [9932, 14228, 16116, 18004, 19828, 20496, 20924, 21612, 22296, 23112, 25896, 25988] -> [9932, 12100, 14228, 16116, 19828, 20496, 20924, 21612, 22296, 23112, 25896, 25988]
  PROBLEM: BACKEND_RESTARTED_MID_ARM: [9932, 14228, 16116, 18004, 19828, 20496, 20924, 21612, 22296, 23112, 25896, 25988] -> [9932, 12100, 14228, 16116, 19828, 20496, 20924, 21612, 22296, 23112, 25896, 25988]
  PROBLEM: BACKEND_RESTARTED_MID_ARM: [9932, 14228, 16116, 18004, 19828, 20496, 20924, 21612, 22296, 23112, 25896, 25988] -> [9932, 12100, 14228, 16116, 19828, 20496, 20924, 21612, 23112, 25896, 25988, 27052]
  PROBLEM: BACKEND_RESTARTED_MID_ARM: [9932, 14228, 16116, 18004, 19828, 20496, 20924, 21612, 22296, 23112, 25896, 25988] -> [9932, 12100, 14228, 16116, 19828, 20496, 20924, 21612, 23112, 25896, 25988, 27052]
  PROBLEM: BACKEND_RESTARTED_MID_ARM: [9932, 14228, 16116, 18004, 19828, 20496, 20924, 21612, 22296, 23112, 25896, 25988] -> [9932, 12100, 14228, 16116, 19828, 20496, 20924, 21612, 23112, 25896, 25988, 27052]
  PROBLEM: BACKEND_RESTARTED_MID_ARM: [9932, 14228, 16116, 18004, 19828, 20496, 20924, 21612, 22296, 23112, 25896, 25988] -> [9932, 12100, 14228, 16116, 19828, 20496, 20924, 21612, 23112, 25896, 25988, 27052]
  PROBLEM: BACKEND_RESTARTED_MID_ARM: [9932, 14228, 16116, 18004, 19828, 20496, 20924, 21612, 22296, 23112, 25896, 25988] -> [9932, 12100, 14228, 16116, 19828, 20496, 20924, 21612, 23112, 25896, 25988, 27052]
  PROBLEM: BACKEND_RESTARTED_MID_ARM: [9932, 14228, 16116, 18004, 19828, 20496, 20924, 21612, 22296, 23112, 25896, 25988] -> [9932, 12100, 14228, 16116, 19828, 20496, 20924, 21612, 23112, 25896, 25988, 27052]
  PROBLEM: BACKEND_RESTARTED_MID_ARM: [9932, 14228, 16116, 18004, 19828, 20496, 20924, 21612, 22296, 23112, 25896, 25988] -> [9932, 12100, 14228, 16116, 19828, 20496, 20924, 21612, 23112, 25896, 25988, 27052]
  PROBLEM: BACKEND_RESTARTED_MID_ARM: [9932, 14228, 16116, 18004, 19828, 20496, 20924, 21612, 22296, 23112, 25896, 25988] -> [9932, 12100, 14228, 16116, 19828, 20496, 20924, 21612, 23112, 25896, 25988, 27052]
  PROBLEM: BACKEND_RESTARTED_MID_ARM: [9932, 14228, 16116, 18004, 19828, 20496, 20924, 21612, 22296, 23112, 25896, 25988] -> [9932, 12100, 14228, 16116, 19828, 20496, 20924, 21612, 23112, 25896, 25988, 27052]
  PROBLEM: BACKEND_RESTARTED_MID_ARM: [9932, 14228, 16116, 18004, 19828, 20496, 20924, 21612, 22296, 23112, 25896, 25988] -> [9932, 12100, 14228, 16116, 19828, 20496, 20924, 21612, 23112, 25896, 25988, 27052]
  PROBLEM: BACKEND_RESTARTED_MID_ARM: [9932, 14228, 16116, 18004, 19828, 20496, 20924, 21612, 22296, 23112, 25896, 25988] -> [9932, 12100, 14228, 16116, 19828, 20496, 20924, 21612, 23112, 25896, 25988, 27052]
  PROBLEM: BACKEND_RESTARTED_MID_ARM: [9932, 14228, 16116, 18004, 19828, 20496, 20924, 21612, 22296, 23112, 25896, 25988] -> [9932, 12100, 14228, 16116, 19828, 20496, 20924, 21612, 23112, 25896, 25988, 27052]
  PROBLEM: BACKEND_RESTARTED_MID_ARM: [9932, 14228, 16116, 18004, 19828, 20496, 20924, 21612, 22296, 23112, 25896, 25988] -> [9932, 12100, 14228, 16116, 19828, 20496, 20924, 21612, 23112, 25896, 25988, 27052]
  PROBLEM: BACKEND_RESTARTED_MID_ARM: [9932, 14228, 16116, 18004, 19828, 20496, 20924, 21612, 22296, 23112, 25896, 25988] -> [9932, 12100, 14228, 16116, 19828, 20496, 20924, 21612, 23112, 25896, 25988, 27052]
  PROBLEM: BACKEND_RESTARTED_MID_ARM: [9932, 14228, 16116, 18004, 19828, 20496, 20924, 21612, 22296, 23112, 25896, 25988] -> [9932, 12100, 14228, 16116, 19828, 20496, 20924, 21612, 23112, 25896, 25988, 27052]
  PROBLEM: BACKEND_RESTARTED_MID_ARM: [9932, 14228, 16116, 18004, 19828, 20496, 20924, 21612, 22296, 23112, 25896, 25988] -> [9932, 12100, 14228, 14400, 19828, 20496, 20924, 21612, 23112, 25896, 25988, 27052]
  PROBLEM: BACKEND_RESTARTED_MID_ARM: [9932, 14228, 16116, 18004, 19828, 20496, 20924, 21612, 22296, 23112, 25896, 25988] -> [9932, 12100, 14228, 14400, 19828, 20496, 20924, 21612, 23112, 25896, 25988, 27052]
  PROBLEM: BACKEND_RESTARTED_MID_ARM: [9932, 14228, 16116, 18004, 19828, 20496, 20924, 21612, 22296, 23112, 25896, 25988] -> [9932, 12100, 14228, 14400, 19828, 20496, 20924, 21612, 23112, 25896, 25988, 27052]
  PROBLEM: BACKEND_RESTARTED_MID_ARM: [9932, 14228, 16116, 18004, 19828, 20496, 20924, 21612, 22296, 23112, 25896, 25988] -> [9932, 12100, 14228, 14400, 19828, 20496, 20924, 21612, 23112, 25896, 25988, 27052]
  PROBLEM: BACKEND_RESTARTED_MID_ARM: [9932, 14228, 16116, 18004, 19828, 20496, 20924, 21612, 22296, 23112, 25896, 25988] -> [9932, 12100, 14228, 14400, 19828, 20496, 20924, 21612, 23112, 25896, 25988, 27052]
  PROBLEM: BACKEND_RESTARTED_MID_ARM: [9932, 14228, 16116, 18004, 19828, 20496, 20924, 21612, 22296, 23112, 25896, 25988] -> [9932, 12100, 14228, 14400, 19828, 20496, 20924, 21612, 23112, 25896, 25988, 27052]
  PROBLEM: BACKEND_RESTARTED_MID_ARM: [9932, 14228, 16116, 18004, 19828, 20496, 20924, 21612, 22296, 23112, 25896, 25988] -> [9932, 12100, 14228, 14400, 19828, 20496, 20924, 21612, 23112, 25896, 25988, 27052]
  PROBLEM: BACKEND_RESTARTED_MID_ARM: [9932, 14228, 16116, 18004, 19828, 20496, 20924, 21612, 22296, 23112, 25896, 25988] -> [9932, 12100, 14228, 14400, 19828, 20496, 20924, 21612, 23112, 25896, 25988, 27052]
  PROBLEM: BACKEND_RESTARTED_MID_ARM: [9932, 14228, 16116, 18004, 19828, 20496, 20924, 21612, 22296, 23112, 25896, 25988] -> [9932, 12100, 14228, 14400, 19828, 20496, 20924, 21612, 23112, 25896, 25988, 27052]
  PROBLEM: BACKEND_RESTARTED_MID_ARM: [9932, 14228, 16116, 18004, 19828, 20496, 20924, 21612, 22296, 23112, 25896, 25988] -> [9932, 12100, 14228, 14400, 19828, 20496, 20924, 21612, 23112, 25896, 25988, 27052]
  PROBLEM: BACKEND_RESTARTED_MID_ARM: [9932, 14228, 16116, 18004, 19828, 20496, 20924, 21612, 22296, 23112, 25896, 25988] -> [9932, 12100, 14228, 14400, 19828, 20496, 20924, 21612, 23112, 25896, 25988, 27052]
  PROBLEM: BACKEND_RESTARTED_MID_ARM: [9932, 14228, 16116, 18004, 19828, 20496, 20924, 21612, 22296, 23112, 25896, 25988] -> [9932, 12100, 14228, 14400, 19828, 20496, 20924, 21612, 23112, 25896, 25988, 27052]
  PROBLEM: BACKEND_RESTARTED_MID_ARM: [9932, 14228, 16116, 18004, 19828, 20496, 20924, 21612, 22296, 23112, 25896, 25988] -> [9932, 12100, 14228, 14400, 19828, 20496, 20924, 21612, 23112, 25896, 25988, 27052]
  PROBLEM: BACKEND_RESTARTED_MID_ARM: [9932, 14228, 16116, 18004, 19828, 20496, 20924, 21612, 22296, 23112, 25896, 25988] -> [9932, 12100, 14228, 14400, 19828, 20496, 20924, 21612, 23112, 25896, 25988, 27052]
  PROBLEM: BACKEND_RESTARTED_MID_ARM: [9932, 14228, 16116, 18004, 19828, 20496, 20924, 21612, 22296, 23112, 25896, 25988] -> [9024, 9932, 14228, 14400, 19828, 20496, 20924, 21612, 23112, 25896, 25988, 27052]
  PROBLEM: BACKEND_RESTARTED_MID_ARM: [9932, 14228, 16116, 18004, 19828, 20496, 20924, 21612, 22296, 23112, 25896, 25988] -> [9024, 9932, 14228, 14400, 19828, 20496, 20924, 21612, 23112, 25896, 25988, 27052]
  PROBLEM: BACKEND_RESTARTED_MID_ARM: [9932, 14228, 16116, 18004, 19828, 20496, 20924, 21612, 22296, 23112, 25896, 25988] -> [9024, 9932, 14228, 14400, 19828, 20496, 20924, 21612, 23112, 25896, 25988, 27052]
  PROBLEM: BACKEND_RESTARTED_MID_ARM: [9932, 14228, 16116, 18004, 19828, 20496, 20924, 21612, 22296, 23112, 25896, 25988] -> [9024, 9932, 14228, 14400, 19828, 20496, 20924, 21612, 23112, 25896, 25988, 27052]
  PROBLEM: BACKEND_RESTARTED_MID_ARM: [9932, 14228, 16116, 18004, 19828, 20496, 20924, 21612, 22296, 23112, 25896, 25988] -> [9024, 9932, 14228, 14400, 19828, 20496, 20924, 21612, 23112, 25896, 25988, 27052]
  PROBLEM: BACKEND_RESTARTED_MID_ARM: [9932, 14228, 16116, 18004, 19828, 20496, 20924, 21612, 22296, 23112, 25896, 25988] -> [9024, 9932, 14228, 14400, 19828, 20496, 20924, 21612, 23112, 25896, 25988, 27052]
  PROBLEM: BACKEND_RESTARTED_MID_ARM: [9932, 14228, 16116, 18004, 19828, 20496, 20924, 21612, 22296, 23112, 25896, 25988] -> [9024, 9932, 14228, 14400, 19828, 20496, 20924, 21612, 23112, 25896, 25988, 27052]
  PROBLEM: BACKEND_RESTARTED_MID_ARM: [9932, 14228, 16116, 18004, 19828, 20496, 20924, 21612, 22296, 23112, 25896, 25988] -> [9024, 9932, 14228, 14400, 19828, 20496, 20924, 21612, 23112, 25896, 25988, 27052]
  PROBLEM: BACKEND_RESTARTED_MID_ARM: [9932, 14228, 16116, 18004, 19828, 20496, 20924, 21612, 22296, 23112, 25896, 25988] -> [9024, 9932, 14228, 14400, 19828, 20496, 20924, 21612, 23112, 25896, 25988, 27052]
  PROBLEM: BACKEND_RESTARTED_MID_ARM: [9932, 14228, 16116, 18004, 19828, 20496, 20924, 21612, 22296, 23112, 25896, 25988] -> [9024, 9932, 14228, 14400, 19828, 20496, 20924, 21612, 23112, 25896, 25988, 27052]
  PROBLEM: BACKEND_RESTARTED_MID_ARM: [9932, 14228, 16116, 18004, 19828, 20496, 20924, 21612, 22296, 23112, 25896, 25988] -> [9024, 9932, 14228, 14400, 19828, 20496, 20924, 21612, 23112, 25896, 25988, 27052]
  PROBLEM: BACKEND_RESTARTED_MID_ARM: [9932, 14228, 16116, 18004, 19828, 20496, 20924, 21612, 22296, 23112, 25896, 25988] -> [9024, 9932, 14228, 14400, 19828, 20496, 20924, 21612, 23112, 25896, 25988, 27052]
  PROBLEM: BACKEND_RESTARTED_MID_ARM: [9932, 14228, 16116, 18004, 19828, 20496, 20924, 21612, 22296, 23112, 25896, 25988] -> [9024, 9932, 14228, 14400, 19828, 20496, 20924, 21612, 23112, 25896, 25988, 27052]
  PROBLEM: BACKEND_RESTARTED_MID_ARM: [9932, 14228, 16116, 18004, 19828, 20496, 20924, 21612, 22296, 23112, 25896, 25988] -> [9024, 9932, 14228, 14400, 19828, 20496, 20924, 21612, 23112, 25896, 25988, 27052]
  PROBLEM: BACKEND_RESTARTED_MID_ARM: [9932, 14228, 16116, 18004, 19828, 20496, 20924, 21612, 22296, 23112, 25896, 25988] -> [9024, 9932, 14228, 14400, 19828, 20496, 20924, 21612, 23112, 25896, 25988, 27052]
  PROBLEM: BACKEND_RESTARTED_MID_ARM: [9932, 14228, 16116, 18004, 19828, 20496, 20924, 21612, 22296, 23112, 25896, 25988] -> [9024, 9932, 14228, 14400, 19828, 20496, 20924, 21612, 23112, 25896, 25988, 27052]
  PROBLEM: BACKEND_RESTARTED_MID_ARM: [9932, 14228, 16116, 18004, 19828, 20496, 20924, 21612, 22296, 23112, 25896, 25988] -> [9024, 9932, 14228, 14400, 19828, 20496, 20924, 21612, 23112, 25252, 25896, 25988]
  PROBLEM: BACKEND_RESTARTED_MID_ARM: [9932, 14228, 16116, 18004, 19828, 20496, 20924, 21612, 22296, 23112, 25896, 25988] -> [9024, 9932, 14228, 14400, 19828, 20496, 20924, 21612, 23112, 25252, 25896, 25988]
  PROBLEM: BACKEND_RESTARTED_MID_ARM: [9932, 14228, 16116, 18004, 19828, 20496, 20924, 21612, 22296, 23112, 25896, 25988] -> [9024, 9932, 14228, 14400, 19828, 20496, 20924, 21612, 23112, 25252, 25896, 25988]
  PROBLEM: BACKEND_RESTARTED_MID_ARM: [9932, 14228, 16116, 18004, 19828, 20496, 20924, 21612, 22296, 23112, 25896, 25988] -> [9024, 9932, 14228, 14400, 19828, 20496, 20924, 21612, 23112, 25252, 25896, 25988]
  PROBLEM: BACKEND_RESTARTED_MID_ARM: [9932, 14228, 16116, 18004, 19828, 20496, 20924, 21612, 22296, 23112, 25896, 25988] -> [9024, 9932, 14228, 14400, 19828, 20496, 20924, 21612, 23112, 25252, 25896, 25988]
  PROBLEM: BACKEND_RESTARTED_MID_ARM: [9932, 14228, 16116, 18004, 19828, 20496, 20924, 21612, 22296, 23112, 25896, 25988] -> [9024, 9932, 14228, 14400, 19828, 20496, 20924, 21612, 23112, 25252, 25896, 25988]
  PROBLEM: BACKEND_RESTARTED_MID_ARM: [9932, 14228, 16116, 18004, 19828, 20496, 20924, 21612, 22296, 23112, 25896, 25988] -> [9024, 9932, 14228, 14400, 19828, 20496, 20924, 21612, 23112, 25252, 25896, 25988]
  PROBLEM: BACKEND_RESTARTED_MID_ARM: [9932, 14228, 16116, 18004, 19828, 20496, 20924, 21612, 22296, 23112, 25896, 25988] -> [9024, 9932, 14228, 14400, 19828, 20496, 20924, 21612, 23112, 25252, 25896, 25988]
  PROBLEM: BACKEND_RESTARTED_MID_ARM: [9932, 14228, 16116, 18004, 19828, 20496, 20924, 21612, 22296, 23112, 25896, 25988] -> [9024, 9932, 14228, 14400, 19828, 20496, 20924, 21612, 23112, 25252, 25896, 25988]
  PROBLEM: BACKEND_RESTARTED_MID_ARM: [9932, 14228, 16116, 18004, 19828, 20496, 20924, 21612, 22296, 23112, 25896, 25988] -> [9024, 9932, 14228, 14400, 19828, 20496, 20924, 21612, 23112, 25252, 25896, 25988]
  PROBLEM: BACKEND_RESTARTED_MID_ARM: [9932, 14228, 16116, 18004, 19828, 20496, 20924, 21612, 22296, 23112, 25896, 25988] -> [9024, 9932, 14228, 14400, 19828, 20496, 20924, 21612, 23112, 25252, 25896, 25988]
  PROBLEM: BACKEND_RESTARTED_MID_ARM: [9932, 14228, 16116, 18004, 19828, 20496, 20924, 21612, 22296, 23112, 25896, 25988] -> [9024, 9932, 14228, 14400, 19828, 20496, 20924, 21612, 23112, 25252, 25896, 25988]
  PROBLEM: BACKEND_RESTARTED_MID_ARM: [9932, 14228, 16116, 18004, 19828, 20496, 20924, 21612, 22296, 23112, 25896, 25988] -> [9024, 9932, 14228, 14400, 19828, 20496, 20924, 21612, 23112, 25252, 25896, 25988]
  PROBLEM: BACKEND_RESTARTED_MID_ARM: [9932, 14228, 16116, 18004, 19828, 20496, 20924, 21612, 22296, 23112, 25896, 25988] -> [9024, 9932, 14228, 14400, 19828, 20496, 20924, 21612, 23112, 25252, 25896, 25988]
  PROBLEM: BACKEND_RESTARTED_MID_ARM: [9932, 14228, 16116, 18004, 19828, 20496, 20924, 21612, 22296, 23112, 25896, 25988] -> [9024, 9932, 14228, 14400, 19828, 20496, 20924, 21612, 23112, 25252, 25896, 25988]
  PROBLEM: BACKEND_RESTARTED_MID_ARM: [9932, 14228, 16116, 18004, 19828, 20496, 20924, 21612, 22296, 23112, 25896, 25988] -> [9024, 9932, 14228, 19828, 20496, 20924, 21612, 21628, 23112, 25252, 25896, 25988]
  PROBLEM: BACKEND_RESTARTED_MID_ARM: [9932, 14228, 16116, 18004, 19828, 20496, 20924, 21612, 22296, 23112, 25896, 25988] -> [9024, 9932, 14228, 19828, 20496, 20924, 21612, 21628, 23112, 25252, 25896, 25988]
  PROBLEM: BACKEND_RESTARTED_MID_ARM: [9932, 14228, 16116, 18004, 19828, 20496, 20924, 21612, 22296, 23112, 25896, 25988] -> [9024, 9932, 14228, 19828, 20496, 20924, 21612, 21628, 23112, 25252, 25896, 25988]
  PROBLEM: BACKEND_RESTARTED_MID_ARM: [9932, 14228, 16116, 18004, 19828, 20496, 20924, 21612, 22296, 23112, 25896, 25988] -> [9024, 9932, 14228, 19828, 20496, 20924, 21612, 21628, 23112, 25252, 25896, 25988]
  PROBLEM: BACKEND_RESTARTED_MID_ARM: [9932, 14228, 16116, 18004, 19828, 20496, 20924, 21612, 22296, 23112, 25896, 25988] -> [9024, 9932, 14228, 19828, 20496, 20924, 21612, 21628, 23112, 25252, 25896, 25988]
  PROBLEM: BACKEND_RESTARTED_MID_ARM: [9932, 14228, 16116, 18004, 19828, 20496, 20924, 21612, 22296, 23112, 25896, 25988] -> [9024, 9932, 14228, 19828, 20496, 20924, 21612, 21628, 23112, 25252, 25896, 25988]
  PROBLEM: BACKEND_RESTARTED_MID_ARM: [9932, 14228, 16116, 18004, 19828, 20496, 20924, 21612, 22296, 23112, 25896, 25988] -> [9024, 9932, 14228, 19828, 20496, 20924, 21612, 21628, 23112, 25252, 25896, 25988]
  PROBLEM: BACKEND_RESTARTED_MID_ARM: [9932, 14228, 16116, 18004, 19828, 20496, 20924, 21612, 22296, 23112, 25896, 25988] -> [9024, 9932, 14228, 19828, 20496, 20924, 21612, 21628, 23112, 25252, 25896, 25988]
  PROBLEM: BACKEND_RESTARTED_MID_ARM: [9932, 14228, 16116, 18004, 19828, 20496, 20924, 21612, 22296, 23112, 25896, 25988] -> [9024, 9932, 14228, 19828, 20496, 20924, 21612, 21628, 23112, 25252, 25896, 25988]
  PROBLEM: BACKEND_RESTARTED_MID_ARM: [9932, 14228, 16116, 18004, 19828, 20496, 20924, 21612, 22296, 23112, 25896, 25988] -> [9024, 9932, 14228, 19828, 20496, 20924, 21612, 21628, 23112, 25252, 25896, 25988]
  PROBLEM: BACKEND_RESTARTED_MID_ARM: [9932, 14228, 16116, 18004, 19828, 20496, 20924, 21612, 22296, 23112, 25896, 25988] -> [9024, 9932, 14228, 19828, 20496, 20924, 21612, 21628, 23112, 25252, 25896, 25988]
  PROBLEM: BACKEND_RESTARTED_MID_ARM: [9932, 14228, 16116, 18004, 19828, 20496, 20924, 21612, 22296, 23112, 25896, 25988] -> [9024, 9932, 14228, 19828, 20496, 20924, 21612, 21628, 23112, 25252, 25896, 25988]
  PROBLEM: BACKEND_RESTARTED_MID_ARM: [9932, 14228, 16116, 18004, 19828, 20496, 20924, 21612, 22296, 23112, 25896, 25988] -> [9024, 9932, 14228, 19828, 20496, 20924, 21612, 21628, 23112, 25252, 25896, 25988]
  PROBLEM: BACKEND_RESTARTED_MID_ARM: [9932, 14228, 16116, 18004, 19828, 20496, 20924, 21612, 22296, 23112, 25896, 25988] -> [9024, 9932, 14228, 19828, 20496, 20924, 21612, 21628, 23112, 25252, 25896, 25988]
  PROBLEM: BACKEND_RESTARTED_MID_ARM: [9932, 14228, 16116, 18004, 19828, 20496, 20924, 21612, 22296, 23112, 25896, 25988] -> [9024, 9932, 14228, 19828, 20496, 20924, 21612, 21628, 23112, 25252, 25896, 25988]
  PROBLEM: BACKEND_RESTARTED_MID_ARM: [9932, 14228, 16116, 18004, 19828, 20496, 20924, 21612, 22296, 23112, 25896, 25988] -> [9932, 14228, 19828, 20496, 20924, 21612, 21628, 22832, 23112, 25252, 25896, 25988]
  PROBLEM: BACKEND_RESTARTED_MID_ARM: [9932, 14228, 16116, 18004, 19828, 20496, 20924, 21612, 22296, 23112, 25896, 25988] -> [9932, 14228, 19828, 20496, 20924, 21612, 21628, 22832, 23112, 25252, 25896, 25988]
  PROBLEM: BACKEND_RESTARTED_MID_ARM: [9932, 14228, 16116, 18004, 19828, 20496, 20924, 21612, 22296, 23112, 25896, 25988] -> [9932, 14228, 19828, 20496, 20924, 21612, 21628, 22832, 23112, 25252, 25896, 25988]
  PROBLEM: BACKEND_RESTARTED_MID_ARM: [9932, 14228, 16116, 18004, 19828, 20496, 20924, 21612, 22296, 23112, 25896, 25988] -> [9932, 14228, 19828, 20496, 20924, 21612, 21628, 22832, 23112, 25252, 25896, 25988]
  PROBLEM: BACKEND_RESTARTED_MID_ARM: [9932, 14228, 16116, 18004, 19828, 20496, 20924, 21612, 22296, 23112, 25896, 25988] -> [9932, 14228, 19828, 20496, 20924, 21612, 21628, 22832, 23112, 25252, 25896, 25988]
  PROBLEM: BACKEND_RESTARTED_MID_ARM: [9932, 14228, 16116, 18004, 19828, 20496, 20924, 21612, 22296, 23112, 25896, 25988] -> [9932, 14228, 19828, 20496, 20924, 21612, 21628, 22832, 23112, 25252, 25896, 25988]
  PROBLEM: BACKEND_RESTARTED_MID_ARM: [9932, 14228, 16116, 18004, 19828, 20496, 20924, 21612, 22296, 23112, 25896, 25988] -> [9932, 14228, 19828, 20496, 20924, 21612, 21628, 22832, 23112, 25252, 25896, 25988]
  PROBLEM: BACKEND_RESTARTED_MID_ARM: [9932, 14228, 16116, 18004, 19828, 20496, 20924, 21612, 22296, 23112, 25896, 25988] -> [9932, 14228, 19828, 20496, 20924, 21612, 21628, 22832, 23112, 25252, 25896, 25988]
  PROBLEM: BACKEND_RESTARTED_MID_ARM: [9932, 14228, 16116, 18004, 19828, 20496, 20924, 21612, 22296, 23112, 25896, 25988] -> [9932, 14228, 19828, 20496, 20924, 21612, 21628, 22832, 23112, 25252, 25896, 25988]
  PROBLEM: BACKEND_RESTARTED_MID_ARM: [9932, 14228, 16116, 18004, 19828, 20496, 20924, 21612, 22296, 23112, 25896, 25988] -> [9932, 14228, 19828, 20496, 20924, 21612, 21628, 22832, 23112, 25252, 25896, 25988]
  PROBLEM: BACKEND_RESTARTED_MID_ARM: [9932, 14228, 16116, 18004, 19828, 20496, 20924, 21612, 22296, 23112, 25896, 25988] -> [9932, 14228, 19828, 20496, 20924, 21612, 21628, 22832, 23112, 25252, 25896, 25988]
  PROBLEM: BACKEND_RESTARTED_MID_ARM: [9932, 14228, 16116, 18004, 19828, 20496, 20924, 21612, 22296, 23112, 25896, 25988] -> [9932, 14228, 19828, 20496, 20924, 21612, 21628, 22832, 23112, 25252, 25896, 25988]
  PROBLEM: BACKEND_RESTARTED_MID_ARM: [9932, 14228, 16116, 18004, 19828, 20496, 20924, 21612, 22296, 23112, 25896, 25988] -> [9932, 14228, 19828, 20496, 20924, 21612, 21628, 22832, 23112, 25252, 25896, 25988]
  PROBLEM: BACKEND_RESTARTED_MID_ARM: [9932, 14228, 16116, 18004, 19828, 20496, 20924, 21612, 22296, 23112, 25896, 25988] -> [9932, 14228, 19828, 20496, 20924, 21612, 21628, 22832, 23112, 25252, 25896, 25988]
  PROBLEM: BACKEND_RESTARTED_MID_ARM: [9932, 14228, 16116, 18004, 19828, 20496, 20924, 21612, 22296, 23112, 25896, 25988] -> [9932, 9988, 14228, 19828, 20496, 20924, 21612, 21628, 22832, 23112, 25896, 25988]
  PROBLEM: BACKEND_RESTARTED_MID_ARM: [9932, 14228, 16116, 18004, 19828, 20496, 20924, 21612, 22296, 23112, 25896, 25988] -> [9932, 9988, 14228, 19828, 20496, 20924, 21612, 21628, 22832, 23112, 25896, 25988]
  PROBLEM: BACKEND_RESTARTED_MID_ARM: [9932, 14228, 16116, 18004, 19828, 20496, 20924, 21612, 22296, 23112, 25896, 25988] -> [9932, 9988, 14228, 19828, 20496, 20924, 21612, 21628, 22832, 23112, 25896, 25988]
  PROBLEM: BACKEND_RESTARTED_MID_ARM: [9932, 14228, 16116, 18004, 19828, 20496, 20924, 21612, 22296, 23112, 25896, 25988] -> [9932, 9988, 14228, 19828, 20496, 20924, 21612, 21628, 22832, 23112, 25896, 25988]
  PROBLEM: BACKEND_RESTARTED_MID_ARM: [9932, 14228, 16116, 18004, 19828, 20496, 20924, 21612, 22296, 23112, 25896, 25988] -> [9932, 9988, 14228, 19828, 20496, 20924, 21612, 21628, 22832, 23112, 25896, 25988]
  PROBLEM: BACKEND_RESTARTED_MID_ARM: [9932, 14228, 16116, 18004, 19828, 20496, 20924, 21612, 22296, 23112, 25896, 25988] -> [9932, 9988, 14228, 19828, 20496, 20924, 21612, 21628, 22832, 23112, 25896, 25988]
  PROBLEM: BACKEND_RESTARTED_MID_ARM: [9932, 14228, 16116, 18004, 19828, 20496, 20924, 21612, 22296, 23112, 25896, 25988] -> [9932, 9988, 14228, 19828, 20496, 20924, 21612, 21628, 22832, 23112, 25896, 25988]
  PROBLEM: BACKEND_RESTARTED_MID_ARM: [9932, 14228, 16116, 18004, 19828, 20496, 20924, 21612, 22296, 23112, 25896, 25988] -> [9932, 9988, 14228, 19828, 20496, 20924, 21612, 21628, 22832, 23112, 25896, 25988]
  PROBLEM: BACKEND_RESTARTED_MID_ARM: [9932, 14228, 16116, 18004, 19828, 20496, 20924, 21612, 22296, 23112, 25896, 25988] -> [9932, 9988, 14228, 19828, 20496, 20924, 21612, 21628, 22832, 23112, 25896, 25988]
  PROBLEM: BACKEND_RESTARTED_MID_ARM: [9932, 14228, 16116, 18004, 19828, 20496, 20924, 21612, 22296, 23112, 25896, 25988] -> [9932, 9988, 14228, 19828, 20496, 20924, 21612, 21628, 22832, 23112, 25896, 25988]
  PROBLEM: BACKEND_RESTARTED_MID_ARM: [9932, 14228, 16116, 18004, 19828, 20496, 20924, 21612, 22296, 23112, 25896, 25988] -> [9932, 9988, 14228, 19828, 20496, 20924, 21612, 21628, 22832, 23112, 25896, 25988]
  PROBLEM: BACKEND_RESTARTED_MID_ARM: [9932, 14228, 16116, 18004, 19828, 20496, 20924, 21612, 22296, 23112, 25896, 25988] -> [9932, 9988, 14228, 19828, 20496, 20924, 21612, 21628, 22832, 23112, 25896, 25988]
  PROBLEM: BACKEND_RESTARTED_MID_ARM: [9932, 14228, 16116, 18004, 19828, 20496, 20924, 21612, 22296, 23112, 25896, 25988] -> [9932, 9988, 14228, 19828, 20496, 20924, 21612, 21628, 22832, 23112, 25896, 25988]
  PROBLEM: BACKEND_RESTARTED_MID_ARM: [9932, 14228, 16116, 18004, 19828, 20496, 20924, 21612, 22296, 23112, 25896, 25988] -> [9932, 9988, 14228, 19828, 20496, 20924, 21612, 21628, 22832, 23112, 25896, 25988]
  PROBLEM: BACKEND_RESTARTED_MID_ARM: [9932, 14228, 16116, 18004, 19828, 20496, 20924, 21612, 22296, 23112, 25896, 25988] -> [9932, 9988, 14228, 19828, 20496, 20924, 21612, 22832, 23112, 25404, 25896, 25988]
  PROBLEM: BACKEND_RESTARTED_MID_ARM: [9932, 14228, 16116, 18004, 19828, 20496, 20924, 21612, 22296, 23112, 25896, 25988] -> [9932, 9988, 14228, 19828, 20496, 20924, 21612, 22832, 23112, 25404, 25896, 25988]
  PROBLEM: BACKEND_RESTARTED_MID_ARM: [9932, 14228, 16116, 18004, 19828, 20496, 20924, 21612, 22296, 23112, 25896, 25988] -> [9932, 9988, 14228, 19828, 20496, 20924, 21612, 22832, 23112, 25404, 25896, 25988]
  PROBLEM: BACKEND_RESTARTED_MID_ARM: [9932, 14228, 16116, 18004, 19828, 20496, 20924, 21612, 22296, 23112, 25896, 25988] -> [9932, 9988, 14228, 19828, 20496, 20924, 21612, 22832, 23112, 25404, 25896, 25988]
  PROBLEM: BACKEND_RESTARTED_MID_ARM: [9932, 14228, 16116, 18004, 19828, 20496, 20924, 21612, 22296, 23112, 25896, 25988] -> [9932, 9988, 14228, 19828, 20496, 20924, 21612, 22832, 23112, 25404, 25896, 25988]
  PROBLEM: BACKEND_RESTARTED_MID_ARM: [9932, 14228, 16116, 18004, 19828, 20496, 20924, 21612, 22296, 23112, 25896, 25988] -> [9932, 9988, 14228, 19828, 20496, 20924, 21612, 22832, 23112, 25404, 25896, 25988]
  PROBLEM: BACKEND_RESTARTED_MID_ARM: [9932, 14228, 16116, 18004, 19828, 20496, 20924, 21612, 22296, 23112, 25896, 25988] -> [9932, 9988, 14228, 19828, 20496, 20924, 21612, 22832, 23112, 25404, 25896, 25988]
  PROBLEM: BACKEND_RESTARTED_MID_ARM: [9932, 14228, 16116, 18004, 19828, 20496, 20924, 21612, 22296, 23112, 25896, 25988] -> [9932, 9988, 14228, 19828, 20496, 20924, 21612, 22832, 23112, 25404, 25896, 25988]
  PROBLEM: BACKEND_RESTARTED_MID_ARM: [9932, 14228, 16116, 18004, 19828, 20496, 20924, 21612, 22296, 23112, 25896, 25988] -> [9932, 9988, 14228, 19828, 20496, 20924, 21612, 22832, 23112, 25404, 25896, 25988]
  PROBLEM: BACKEND_RESTARTED_MID_ARM: [9932, 14228, 16116, 18004, 19828, 20496, 20924, 21612, 22296, 23112, 25896, 25988] -> [9932, 9988, 14228, 19828, 20496, 20924, 21612, 22832, 23112, 25404, 25896, 25988]
  PROBLEM: BACKEND_RESTARTED_MID_ARM: [9932, 14228, 16116, 18004, 19828, 20496, 20924, 21612, 22296, 23112, 25896, 25988] -> [9932, 9988, 14228, 19828, 20496, 20924, 21612, 22832, 23112, 25404, 25896, 25988]
  PROBLEM: BACKEND_RESTARTED_MID_ARM: [9932, 14228, 16116, 18004, 19828, 20496, 20924, 21612, 22296, 23112, 25896, 25988] -> [9932, 9988, 14228, 19828, 20496, 20924, 21612, 22832, 23112, 25404, 25896, 25988]
  PROBLEM: BACKEND_RESTARTED_MID_ARM: [9932, 14228, 16116, 18004, 19828, 20496, 20924, 21612, 22296, 23112, 25896, 25988] -> [9932, 9988, 14228, 19828, 20496, 20924, 21612, 22832, 23112, 25404, 25896, 25988]
  PROBLEM: BACKEND_RESTARTED_MID_ARM: [9932, 14228, 16116, 18004, 19828, 20496, 20924, 21612, 22296, 23112, 25896, 25988] -> [9932, 9988, 14228, 19828, 20496, 20924, 21612, 22832, 23112, 25404, 25896, 25988]
  PROBLEM: BACKEND_RESTARTED_MID_ARM: [9932, 14228, 16116, 18004, 19828, 20496, 20924, 21612, 22296, 23112, 25896, 25988] -> [9932, 9988, 14228, 19828, 20496, 20924, 21612, 22832, 23112, 25404, 25896, 25988]
  PROBLEM: BACKEND_RESTARTED_MID_ARM: [9932, 14228, 16116, 18004, 19828, 20496, 20924, 21612, 22296, 23112, 25896, 25988] -> [9932, 9988, 14228, 19828, 20496, 20924, 21612, 22832, 23112, 25404, 25896, 25988]
  PROBLEM: BACKEND_RESTARTED_MID_ARM: [9932, 14228, 16116, 18004, 19828, 20496, 20924, 21612, 22296, 23112, 25896, 25988] -> [7484, 9932, 9988, 14228, 19828, 20496, 20924, 21612, 23112, 25404, 25896, 25988]
  PROBLEM: BACKEND_RESTARTED_MID_ARM: [9932, 14228, 16116, 18004, 19828, 20496, 20924, 21612, 22296, 23112, 25896, 25988] -> [7484, 9932, 9988, 14228, 19828, 20496, 20924, 21612, 23112, 25404, 25896, 25988]
  PROBLEM: BACKEND_RESTARTED_MID_ARM: [9932, 14228, 16116, 18004, 19828, 20496, 20924, 21612, 22296, 23112, 25896, 25988] -> [7484, 9932, 9988, 14228, 19828, 20496, 20924, 21612, 23112, 25404, 25896, 25988]
  PROBLEM: BACKEND_RESTARTED_MID_ARM: [9932, 14228, 16116, 18004, 19828, 20496, 20924, 21612, 22296, 23112, 25896, 25988] -> [7484, 9932, 9988, 14228, 19828, 20496, 20924, 21612, 23112, 25404, 25896, 25988]
  PROBLEM: BACKEND_RESTARTED_MID_ARM: [9932, 14228, 16116, 18004, 19828, 20496, 20924, 21612, 22296, 23112, 25896, 25988] -> [7484, 9932, 9988, 14228, 19828, 20496, 20924, 21612, 23112, 25404, 25896, 25988]
  PROBLEM: BACKEND_RESTARTED_MID_ARM: [9932, 14228, 16116, 18004, 19828, 20496, 20924, 21612, 22296, 23112, 25896, 25988] -> [7484, 9932, 9988, 14228, 19828, 20496, 20924, 21612, 23112, 25404, 25896, 25988]
  PROBLEM: BACKEND_RESTARTED_MID_ARM: [9932, 14228, 16116, 18004, 19828, 20496, 20924, 21612, 22296, 23112, 25896, 25988] -> [7484, 9932, 9988, 14228, 19828, 20496, 20924, 21612, 23112, 25404, 25896, 25988]
  PROBLEM: BACKEND_RESTARTED_MID_ARM: [9932, 14228, 16116, 18004, 19828, 20496, 20924, 21612, 22296, 23112, 25896, 25988] -> [7484, 9932, 9988, 14228, 19828, 20496, 20924, 21612, 23112, 25404, 25896, 25988]
  PROBLEM: BACKEND_RESTARTED_MID_ARM: [9932, 14228, 16116, 18004, 19828, 20496, 20924, 21612, 22296, 23112, 25896, 25988] -> [7484, 9932, 9988, 14228, 19828, 20496, 20924, 21612, 23112, 25404, 25896, 25988]
  PROBLEM: BACKEND_RESTARTED_MID_ARM: [9932, 14228, 16116, 18004, 19828, 20496, 20924, 21612, 22296, 23112, 25896, 25988] -> [7484, 9932, 9988, 14228, 19828, 20496, 20924, 21612, 23112, 25404, 25896, 25988]
  PROBLEM: BACKEND_RESTARTED_MID_ARM: [9932, 14228, 16116, 18004, 19828, 20496, 20924, 21612, 22296, 23112, 25896, 25988] -> [7484, 9932, 9988, 14228, 19828, 20496, 20924, 21612, 23112, 25404, 25896, 25988]
  PROBLEM: BACKEND_RESTARTED_MID_ARM: [9932, 14228, 16116, 18004, 19828, 20496, 20924, 21612, 22296, 23112, 25896, 25988] -> [7484, 9932, 9988, 14228, 19828, 20496, 20924, 21612, 23112, 25404, 25896, 25988]
  PROBLEM: BACKEND_RESTARTED_MID_ARM: [9932, 14228, 16116, 18004, 19828, 20496, 20924, 21612, 22296, 23112, 25896, 25988] -> [7484, 9932, 9988, 14228, 19828, 20496, 20924, 21612, 23112, 25404, 25896, 25988]
  PROBLEM: BACKEND_RESTARTED_MID_ARM: [9932, 14228, 16116, 18004, 19828, 20496, 20924, 21612, 22296, 23112, 25896, 25988] -> [7484, 9932, 9988, 14228, 19828, 20496, 20924, 21612, 23112, 25404, 25896, 25988]
  PROBLEM: BACKEND_RESTARTED_MID_ARM: [9932, 14228, 16116, 18004, 19828, 20496, 20924, 21612, 22296, 23112, 25896, 25988] -> [4872, 7484, 9932, 14228, 19828, 20496, 20924, 21612, 23112, 25404, 25896, 25988]
  PROBLEM: BACKEND_RESTARTED_MID_ARM: [9932, 14228, 16116, 18004, 19828, 20496, 20924, 21612, 22296, 23112, 25896, 25988] -> [4872, 7484, 9932, 14228, 19828, 20496, 20924, 21612, 23112, 25404, 25896, 25988]
  PROBLEM: BACKEND_RESTARTED_MID_ARM: [9932, 14228, 16116, 18004, 19828, 20496, 20924, 21612, 22296, 23112, 25896, 25988] -> [4872, 7484, 9932, 14228, 19828, 20496, 20924, 21612, 23112, 25404, 25896, 25988]
  PROBLEM: BACKEND_RESTARTED_MID_ARM: [9932, 14228, 16116, 18004, 19828, 20496, 20924, 21612, 22296, 23112, 25896, 25988] -> [4872, 7484, 9932, 14228, 19828, 20496, 20924, 21612, 23112, 25404, 25896, 25988]
  PROBLEM: BACKEND_RESTARTED_MID_ARM: [9932, 14228, 16116, 18004, 19828, 20496, 20924, 21612, 22296, 23112, 25896, 25988] -> [4872, 7484, 9932, 14228, 19828, 20496, 20924, 21612, 23112, 25404, 25896, 25988]
  PROBLEM: BACKEND_RESTARTED_MID_ARM: [9932, 14228, 16116, 18004, 19828, 20496, 20924, 21612, 22296, 23112, 25896, 25988] -> [4872, 7484, 9932, 14228, 19828, 20496, 20924, 21612, 23112, 25404, 25896, 25988]
  PROBLEM: BACKEND_RESTARTED_MID_ARM: [9932, 14228, 16116, 18004, 19828, 20496, 20924, 21612, 22296, 23112, 25896, 25988] -> [4872, 7484, 9932, 14228, 19828, 20496, 20924, 21612, 23112, 25404, 25896, 25988]
  PROBLEM: BACKEND_RESTARTED_MID_ARM: [9932, 14228, 16116, 18004, 19828, 20496, 20924, 21612, 22296, 23112, 25896, 25988] -> [4872, 7484, 9932, 14228, 19828, 20496, 20924, 21612, 23112, 25404, 25896, 25988]
  PROBLEM: BACKEND_RESTARTED_MID_ARM: [9932, 14228, 16116, 18004, 19828, 20496, 20924, 21612, 22296, 23112, 25896, 25988] -> [4872, 7484, 9932, 14228, 19828, 20496, 20924, 21612, 23112, 25404, 25896, 25988]
  PROBLEM: BACKEND_RESTARTED_MID_ARM: [9932, 14228, 16116, 18004, 19828, 20496, 20924, 21612, 22296, 23112, 25896, 25988] -> [4872, 7484, 9932, 14228, 19828, 20496, 20924, 21612, 23112, 25404, 25896, 25988]
  PROBLEM: BACKEND_RESTARTED_MID_ARM: [9932, 14228, 16116, 18004, 19828, 20496, 20924, 21612, 22296, 23112, 25896, 25988] -> [4872, 7484, 9932, 14228, 19828, 20496, 20924, 21612, 23112, 25404, 25896, 25988]
  PROBLEM: BACKEND_RESTARTED_MID_ARM: [9932, 14228, 16116, 18004, 19828, 20496, 20924, 21612, 22296, 23112, 25896, 25988] -> [4872, 7484, 9932, 14228, 19828, 20496, 20924, 21612, 23112, 25404, 25896, 25988]
  PROBLEM: BACKEND_RESTARTED_MID_ARM: [9932, 14228, 16116, 18004, 19828, 20496, 20924, 21612, 22296, 23112, 25896, 25988] -> [4872, 7484, 9932, 14228, 19828, 20496, 20924, 21612, 23112, 25404, 25896, 25988]
  PROBLEM: BACKEND_RESTARTED_MID_ARM: [9932, 14228, 16116, 18004, 19828, 20496, 20924, 21612, 22296, 23112, 25896, 25988] -> [4872, 7484, 9932, 14228, 19828, 20496, 20924, 21612, 23112, 25404, 25896, 25988]
  PROBLEM: BACKEND_RESTARTED_MID_ARM: [9932, 14228, 16116, 18004, 19828, 20496, 20924, 21612, 22296, 23112, 25896, 25988] -> [4872, 7484, 9932, 14228, 19828, 20496, 20924, 21612, 23112, 25404, 25896, 25988]
  PROBLEM: BACKEND_RESTARTED_MID_ARM: [9932, 14228, 16116, 18004, 19828, 20496, 20924, 21612, 22296, 23112, 25896, 25988] -> [4872, 7484, 9932, 14228, 19828, 19908, 20496, 20924, 21612, 23112, 25896, 25988]
  PROBLEM: BACKEND_RESTARTED_MID_ARM: [9932, 14228, 16116, 18004, 19828, 20496, 20924, 21612, 22296, 23112, 25896, 25988] -> [4872, 7484, 9932, 14228, 19828, 19908, 20496, 20924, 21612, 23112, 25896, 25988]
  PROBLEM: BACKEND_RESTARTED_MID_ARM: [9932, 14228, 16116, 18004, 19828, 20496, 20924, 21612, 22296, 23112, 25896, 25988] -> [4872, 7484, 9932, 14228, 19828, 19908, 20496, 20924, 21612, 23112, 25896, 25988]
  PROBLEM: BACKEND_RESTARTED_MID_ARM: [9932, 14228, 16116, 18004, 19828, 20496, 20924, 21612, 22296, 23112, 25896, 25988] -> [4872, 7484, 9932, 14228, 19828, 19908, 20496, 20924, 21612, 23112, 25896, 25988]
  PROBLEM: BACKEND_RESTARTED_MID_ARM: [9932, 14228, 16116, 18004, 19828, 20496, 20924, 21612, 22296, 23112, 25896, 25988] -> [4872, 7484, 9932, 14228, 19828, 19908, 20496, 20924, 21612, 23112, 25896, 25988]
  PROBLEM: BACKEND_RESTARTED_MID_ARM: [9932, 14228, 16116, 18004, 19828, 20496, 20924, 21612, 22296, 23112, 25896, 25988] -> [4872, 7484, 9932, 14228, 19828, 19908, 20496, 20924, 21612, 23112, 25896, 25988]
  PROBLEM: BACKEND_RESTARTED_MID_ARM: [9932, 14228, 16116, 18004, 19828, 20496, 20924, 21612, 22296, 23112, 25896, 25988] -> [4872, 7484, 9932, 14228, 19828, 19908, 20496, 20924, 21612, 23112, 25896, 25988]
  PROBLEM: BACKEND_RESTARTED_MID_ARM: [9932, 14228, 16116, 18004, 19828, 20496, 20924, 21612, 22296, 23112, 25896, 25988] -> [4872, 7484, 9932, 14228, 19828, 19908, 20496, 20924, 21612, 23112, 25896, 25988]
  PROBLEM: BACKEND_RESTARTED_MID_ARM: [9932, 14228, 16116, 18004, 19828, 20496, 20924, 21612, 22296, 23112, 25896, 25988] -> [4872, 7484, 9932, 14228, 19828, 19908, 20496, 20924, 21612, 23112, 25896, 25988]
  PROBLEM: BACKEND_RESTARTED_MID_ARM: [9932, 14228, 16116, 18004, 19828, 20496, 20924, 21612, 22296, 23112, 25896, 25988] -> [4872, 7484, 9932, 14228, 19828, 19908, 20496, 20924, 21612, 23112, 25896, 25988]
  PROBLEM: BACKEND_RESTARTED_MID_ARM: [9932, 14228, 16116, 18004, 19828, 20496, 20924, 21612, 22296, 23112, 25896, 25988] -> [4872, 7484, 9932, 14228, 19828, 19908, 20496, 20924, 21612, 23112, 25896, 25988]
  PROBLEM: BACKEND_RESTARTED_MID_ARM: [9932, 14228, 16116, 18004, 19828, 20496, 20924, 21612, 22296, 23112, 25896, 25988] -> [4872, 7484, 9932, 14228, 19828, 19908, 20496, 20924, 21612, 23112, 25896, 25988]
  PROBLEM: BACKEND_RESTARTED_MID_ARM: [9932, 14228, 16116, 18004, 19828, 20496, 20924, 21612, 22296, 23112, 25896, 25988] -> [4872, 7484, 9932, 14228, 19828, 19908, 20496, 20924, 21612, 23112, 25896, 25988]
  PROBLEM: BACKEND_RESTARTED_MID_ARM: [9932, 14228, 16116, 18004, 19828, 20496, 20924, 21612, 22296, 23112, 25896, 25988] -> [4872, 7484, 9932, 14228, 19828, 19908, 20496, 20924, 21612, 23112, 25896, 25988]
  PROBLEM: BACKEND_RESTARTED_MID_ARM: [9932, 14228, 16116, 18004, 19828, 20496, 20924, 21612, 22296, 23112, 25896, 25988] -> [4872, 9932, 14228, 14776, 19828, 19908, 20496, 20924, 21612, 23112, 25896, 25988]
  PROBLEM: BACKEND_RESTARTED_MID_ARM: [9932, 14228, 16116, 18004, 19828, 20496, 20924, 21612, 22296, 23112, 25896, 25988] -> [4872, 9932, 14228, 14776, 19828, 19908, 20496, 20924, 21612, 23112, 25896, 25988]
  PROBLEM: BACKEND_RESTARTED_MID_ARM: [9932, 14228, 16116, 18004, 19828, 20496, 20924, 21612, 22296, 23112, 25896, 25988] -> [4872, 9932, 14228, 14776, 19828, 19908, 20496, 20924, 21612, 23112, 25896, 25988]
  PROBLEM: BACKEND_RESTARTED_MID_ARM: [9932, 14228, 16116, 18004, 19828, 20496, 20924, 21612, 22296, 23112, 25896, 25988] -> [4872, 9932, 14228, 14776, 19828, 19908, 20496, 20924, 21612, 23112, 25896, 25988]
  PROBLEM: BACKEND_RESTARTED_MID_ARM: [9932, 14228, 16116, 18004, 19828, 20496, 20924, 21612, 22296, 23112, 25896, 25988] -> [4872, 9932, 14228, 14776, 19828, 19908, 20496, 20924, 21612, 23112, 25896, 25988]
  PROBLEM: BACKEND_RESTARTED_MID_ARM: [9932, 14228, 16116, 18004, 19828, 20496, 20924, 21612, 22296, 23112, 25896, 25988] -> [4872, 9932, 14228, 14776, 19828, 19908, 20496, 20924, 21612, 23112, 25896, 25988]
  PROBLEM: BACKEND_RESTARTED_MID_ARM: [9932, 14228, 16116, 18004, 19828, 20496, 20924, 21612, 22296, 23112, 25896, 25988] -> [4872, 9932, 14228, 14776, 19828, 19908, 20496, 20924, 21612, 23112, 25896, 25988]
  PROBLEM: BACKEND_RESTARTED_MID_ARM: [9932, 14228, 16116, 18004, 19828, 20496, 20924, 21612, 22296, 23112, 25896, 25988] -> [4872, 9932, 14228, 14776, 19828, 19908, 20496, 20924, 21612, 23112, 25896, 25988]
  PROBLEM: BACKEND_RESTARTED_MID_ARM: [9932, 14228, 16116, 18004, 19828, 20496, 20924, 21612, 22296, 23112, 25896, 25988] -> [4872, 9932, 14228, 14776, 19828, 19908, 20496, 20924, 21612, 23112, 25896, 25988]
  PROBLEM: BACKEND_RESTARTED_MID_ARM: [9932, 14228, 16116, 18004, 19828, 20496, 20924, 21612, 22296, 23112, 25896, 25988] -> [4872, 9932, 14228, 14776, 19828, 19908, 20496, 20924, 21612, 23112, 25896, 25988]
  PROBLEM: BACKEND_RESTARTED_MID_ARM: [9932, 14228, 16116, 18004, 19828, 20496, 20924, 21612, 22296, 23112, 25896, 25988] -> [4872, 9932, 14228, 14776, 19828, 19908, 20496, 20924, 21612, 23112, 25896, 25988]
  PROBLEM: BACKEND_RESTARTED_MID_ARM: [9932, 14228, 16116, 18004, 19828, 20496, 20924, 21612, 22296, 23112, 25896, 25988] -> [4872, 9932, 14228, 14776, 19828, 19908, 20496, 20924, 21612, 23112, 25896, 25988]
  PROBLEM: BACKEND_RESTARTED_MID_ARM: [9932, 14228, 16116, 18004, 19828, 20496, 20924, 21612, 22296, 23112, 25896, 25988] -> [4872, 9932, 14228, 14776, 19828, 19908, 20496, 20924, 21612, 23112, 25896, 25988]
  PROBLEM: BACKEND_RESTARTED_MID_ARM: [9932, 14228, 16116, 18004, 19828, 20496, 20924, 21612, 22296, 23112, 25896, 25988] -> [4872, 9932, 14228, 14776, 19828, 19908, 20496, 20924, 21612, 23112, 25896, 25988]
  PROBLEM: BACKEND_RESTARTED_MID_ARM: [9932, 14228, 16116, 18004, 19828, 20496, 20924, 21612, 22296, 23112, 25896, 25988] -> [4872, 9932, 14228, 14776, 19828, 19908, 20496, 20924, 21612, 23112, 25896, 25988]
  PROBLEM: BACKEND_RESTARTED_MID_ARM: [9932, 14228, 16116, 18004, 19828, 20496, 20924, 21612, 22296, 23112, 25896, 25988] -> [5008, 9932, 14228, 14776, 19828, 19908, 20496, 20924, 21612, 23112, 25896, 25988]
  PROBLEM: BACKEND_RESTARTED_MID_ARM: [9932, 14228, 16116, 18004, 19828, 20496, 20924, 21612, 22296, 23112, 25896, 25988] -> [5008, 9932, 14228, 14776, 19828, 19908, 20496, 20924, 21612, 23112, 25896, 25988]
  PROBLEM: BACKEND_RESTARTED_MID_ARM: [9932, 14228, 16116, 18004, 19828, 20496, 20924, 21612, 22296, 23112, 25896, 25988] -> [5008, 9932, 14228, 14776, 19828, 19908, 20496, 20924, 21612, 23112, 25896, 25988]
  PROBLEM: BACKEND_RESTARTED_MID_ARM: [9932, 14228, 16116, 18004, 19828, 20496, 20924, 21612, 22296, 23112, 25896, 25988] -> [5008, 9932, 14228, 14776, 19828, 19908, 20496, 20924, 21612, 23112, 25896, 25988]
  PROBLEM: BACKEND_RESTARTED_MID_ARM: [9932, 14228, 16116, 18004, 19828, 20496, 20924, 21612, 22296, 23112, 25896, 25988] -> [5008, 9932, 14228, 14776, 19828, 19908, 20496, 20924, 21612, 23112, 25896, 25988]
  PROBLEM: BACKEND_RESTARTED_MID_ARM: [9932, 14228, 16116, 18004, 19828, 20496, 20924, 21612, 22296, 23112, 25896, 25988] -> [5008, 9932, 14228, 14776, 19828, 19908, 20496, 20924, 21612, 23112, 25896, 25988]
  PROBLEM: BACKEND_RESTARTED_MID_ARM: [9932, 14228, 16116, 18004, 19828, 20496, 20924, 21612, 22296, 23112, 25896, 25988] -> [5008, 9932, 14228, 14776, 19828, 19908, 20496, 20924, 21612, 23112, 25896, 25988]
  PROBLEM: BACKEND_RESTARTED_MID_ARM: [9932, 14228, 16116, 18004, 19828, 20496, 20924, 21612, 22296, 23112, 25896, 25988] -> [5008, 9932, 14228, 14776, 19828, 19908, 20496, 20924, 21612, 23112, 25896, 25988]
  PROBLEM: BACKEND_RESTARTED_MID_ARM: [9932, 14228, 16116, 18004, 19828, 20496, 20924, 21612, 22296, 23112, 25896, 25988] -> [5008, 9932, 14228, 14776, 19828, 19908, 20496, 20924, 21612, 23112, 25896, 25988]
  PROBLEM: BACKEND_RESTARTED_MID_ARM: [9932, 14228, 16116, 18004, 19828, 20496, 20924, 21612, 22296, 23112, 25896, 25988] -> [5008, 9932, 14228, 14776, 19828, 19908, 20496, 20924, 21612, 23112, 25896, 25988]
  PROBLEM: BACKEND_RESTARTED_MID_ARM: [9932, 14228, 16116, 18004, 19828, 20496, 20924, 21612, 22296, 23112, 25896, 25988] -> [5008, 9932, 14228, 14776, 19828, 19908, 20496, 20924, 21612, 23112, 25896, 25988]
  PROBLEM: BACKEND_RESTARTED_MID_ARM: [9932, 14228, 16116, 18004, 19828, 20496, 20924, 21612, 22296, 23112, 25896, 25988] -> [5008, 9932, 14228, 14776, 19828, 19908, 20496, 20924, 21612, 23112, 25896, 25988]
  PROBLEM: BACKEND_RESTARTED_MID_ARM: [9932, 14228, 16116, 18004, 19828, 20496, 20924, 21612, 22296, 23112, 25896, 25988] -> [5008, 9932, 14228, 14776, 19828, 19908, 20496, 20924, 21612, 23112, 25896, 25988]
  PROBLEM: BACKEND_RESTARTED_MID_ARM: [9932, 14228, 16116, 18004, 19828, 20496, 20924, 21612, 22296, 23112, 25896, 25988] -> [5008, 9932, 14228, 14776, 19828, 19908, 20496, 20924, 21612, 23112, 25896, 25988]
  PROBLEM: BACKEND_RESTARTED_MID_ARM: [9932, 14228, 16116, 18004, 19828, 20496, 20924, 21612, 22296, 23112, 25896, 25988] -> [5008, 9932, 14228, 14776, 19828, 19908, 20496, 20924, 21612, 23112, 25896, 25988]
  PROBLEM: BACKEND_RESTARTED_MID_ARM: [9932, 14228, 16116, 18004, 19828, 20496, 20924, 21612, 22296, 23112, 25896, 25988] -> [5008, 9932, 12988, 14228, 14776, 19828, 20496, 20924, 21612, 23112, 25896, 25988]
  PROBLEM: BACKEND_RESTARTED_MID_ARM: [9932, 14228, 16116, 18004, 19828, 20496, 20924, 21612, 22296, 23112, 25896, 25988] -> [5008, 9932, 12988, 14228, 14776, 19828, 20496, 20924, 21612, 23112, 25896, 25988]
  PROBLEM: BACKEND_RESTARTED_MID_ARM: [9932, 14228, 16116, 18004, 19828, 20496, 20924, 21612, 22296, 23112, 25896, 25988] -> [5008, 9932, 12988, 14228, 14776, 19828, 20496, 20924, 21612, 23112, 25896, 25988]
  PROBLEM: BACKEND_RESTARTED_MID_ARM: [9932, 14228, 16116, 18004, 19828, 20496, 20924, 21612, 22296, 23112, 25896, 25988] -> [5008, 9932, 12988, 14228, 14776, 19828, 20496, 20924, 21612, 23112, 25896, 25988]
  PROBLEM: BACKEND_RESTARTED_MID_ARM: [9932, 14228, 16116, 18004, 19828, 20496, 20924, 21612, 22296, 23112, 25896, 25988] -> [5008, 9932, 12988, 14228, 14776, 19828, 20496, 20924, 21612, 23112, 25896, 25988]
  PROBLEM: BACKEND_RESTARTED_MID_ARM: [9932, 14228, 16116, 18004, 19828, 20496, 20924, 21612, 22296, 23112, 25896, 25988] -> [5008, 9932, 12988, 14228, 14776, 19828, 20496, 20924, 21612, 23112, 25896, 25988]
  PROBLEM: BACKEND_RESTARTED_MID_ARM: [9932, 14228, 16116, 18004, 19828, 20496, 20924, 21612, 22296, 23112, 25896, 25988] -> [5008, 9932, 12988, 14228, 14776, 19828, 20496, 20924, 21612, 23112, 25896, 25988]
  PROBLEM: BACKEND_RESTARTED_MID_ARM: [9932, 14228, 16116, 18004, 19828, 20496, 20924, 21612, 22296, 23112, 25896, 25988] -> [5008, 9932, 12988, 14228, 14776, 19828, 20496, 20924, 21612, 23112, 25896, 25988]
  PROBLEM: BACKEND_RESTARTED_MID_ARM: [9932, 14228, 16116, 18004, 19828, 20496, 20924, 21612, 22296, 23112, 25896, 25988] -> [5008, 9932, 12988, 14228, 14776, 19828, 20496, 20924, 21612, 23112, 25896, 25988]
  PROBLEM: BACKEND_RESTARTED_MID_ARM: [9932, 14228, 16116, 18004, 19828, 20496, 20924, 21612, 22296, 23112, 25896, 25988] -> [5008, 9932, 12988, 14228, 14776, 19828, 20496, 20924, 21612, 23112, 25896, 25988]
  PROBLEM: BACKEND_RESTARTED_MID_ARM: [9932, 14228, 16116, 18004, 19828, 20496, 20924, 21612, 22296, 23112, 25896, 25988] -> [5008, 9932, 12988, 14228, 14776, 19828, 20496, 20924, 21612, 23112, 25896, 25988]
  PROBLEM: BACKEND_RESTARTED_MID_ARM: [9932, 14228, 16116, 18004, 19828, 20496, 20924, 21612, 22296, 23112, 25896, 25988] -> [5008, 9932, 12988, 14228, 14776, 19828, 20496, 20924, 21612, 23112, 25896, 25988]
  PROBLEM: BACKEND_RESTARTED_MID_ARM: [9932, 14228, 16116, 18004, 19828, 20496, 20924, 21612, 22296, 23112, 25896, 25988] -> [5008, 9932, 12988, 14228, 14776, 19828, 20496, 20924, 21612, 23112, 25896, 25988]
  PROBLEM: BACKEND_RESTARTED_MID_ARM: [9932, 14228, 16116, 18004, 19828, 20496, 20924, 21612, 22296, 23112, 25896, 25988] -> [5008, 9932, 12988, 14228, 14776, 19828, 20496, 20924, 21612, 23112, 25896, 25988]
  PROBLEM: BACKEND_RESTARTED_MID_ARM: [9932, 14228, 16116, 18004, 19828, 20496, 20924, 21612, 22296, 23112, 25896, 25988] -> [5008, 9932, 12988, 14156, 14228, 19828, 20496, 20924, 21612, 23112, 25896, 25988]
  PROBLEM: BACKEND_RESTARTED_MID_ARM: [9932, 14228, 16116, 18004, 19828, 20496, 20924, 21612, 22296, 23112, 25896, 25988] -> [5008, 9932, 12988, 14156, 14228, 19828, 20496, 20924, 21612, 23112, 25896, 25988]
  PROBLEM: BACKEND_RESTARTED_MID_ARM: [9932, 14228, 16116, 18004, 19828, 20496, 20924, 21612, 22296, 23112, 25896, 25988] -> [5008, 9932, 12988, 14156, 14228, 19828, 20496, 20924, 21612, 23112, 25896, 25988]
  PROBLEM: BACKEND_RESTARTED_MID_ARM: [9932, 14228, 16116, 18004, 19828, 20496, 20924, 21612, 22296, 23112, 25896, 25988] -> [5008, 9932, 12988, 14156, 14228, 19828, 20496, 20924, 21612, 23112, 25896, 25988]
  PROBLEM: BACKEND_RESTARTED_MID_ARM: [9932, 14228, 16116, 18004, 19828, 20496, 20924, 21612, 22296, 23112, 25896, 25988] -> [5008, 9932, 12988, 14156, 14228, 19828, 20496, 20924, 21612, 23112, 25896, 25988]
  PROBLEM: BACKEND_RESTARTED_MID_ARM: [9932, 14228, 16116, 18004, 19828, 20496, 20924, 21612, 22296, 23112, 25896, 25988] -> [5008, 9932, 12988, 14156, 14228, 19828, 20496, 20924, 21612, 23112, 25896, 25988]
  PROBLEM: BACKEND_RESTARTED_MID_ARM: [9932, 14228, 16116, 18004, 19828, 20496, 20924, 21612, 22296, 23112, 25896, 25988] -> [5008, 9932, 12988, 14156, 14228, 19828, 20496, 20924, 21612, 23112, 25896, 25988]
  PROBLEM: BACKEND_RESTARTED_MID_ARM: [9932, 14228, 16116, 18004, 19828, 20496, 20924, 21612, 22296, 23112, 25896, 25988] -> [5008, 9932, 12988, 14156, 14228, 19828, 20496, 20924, 21612, 23112, 25896, 25988]
  PROBLEM: BACKEND_RESTARTED_MID_ARM: [9932, 14228, 16116, 18004, 19828, 20496, 20924, 21612, 22296, 23112, 25896, 25988] -> [5008, 9932, 12988, 14156, 14228, 19828, 20496, 20924, 21612, 23112, 25896, 25988]
  PROBLEM: BACKEND_RESTARTED_MID_ARM: [9932, 14228, 16116, 18004, 19828, 20496, 20924, 21612, 22296, 23112, 25896, 25988] -> [5008, 9932, 12988, 14156, 14228, 19828, 20496, 20924, 21612, 23112, 25896, 25988]
  PROBLEM: BACKEND_RESTARTED_MID_ARM: [9932, 14228, 16116, 18004, 19828, 20496, 20924, 21612, 22296, 23112, 25896, 25988] -> [5008, 9932, 12988, 14156, 14228, 19828, 20496, 20924, 21612, 23112, 25896, 25988]
  PROBLEM: BACKEND_RESTARTED_MID_ARM: [9932, 14228, 16116, 18004, 19828, 20496, 20924, 21612, 22296, 23112, 25896, 25988] -> [5008, 9932, 12988, 14156, 14228, 19828, 20496, 20924, 21612, 23112, 25896, 25988]
  PROBLEM: BACKEND_RESTARTED_MID_ARM: [9932, 14228, 16116, 18004, 19828, 20496, 20924, 21612, 22296, 23112, 25896, 25988] -> [5008, 9932, 12988, 14156, 14228, 19828, 20496, 20924, 21612, 23112, 25896, 25988]
  PROBLEM: BACKEND_RESTARTED_MID_ARM: [9932, 14228, 16116, 18004, 19828, 20496, 20924, 21612, 22296, 23112, 25896, 25988] -> [5008, 9932, 12988, 14156, 14228, 19828, 20496, 20924, 21612, 23112, 25896, 25988]
  PROBLEM: BACKEND_RESTARTED_MID_ARM: [9932, 14228, 16116, 18004, 19828, 20496, 20924, 21612, 22296, 23112, 25896, 25988] -> [5008, 9932, 12988, 14156, 14228, 19828, 20496, 20924, 21612, 23112, 25896, 25988]
  PROBLEM: BACKEND_RESTARTED_MID_ARM: [9932, 14228, 16116, 18004, 19828, 20496, 20924, 21612, 22296, 23112, 25896, 25988] -> [9932, 12988, 14156, 14228, 15652, 19828, 20496, 20924, 21612, 23112, 25896, 25988]
  PROBLEM: BACKEND_RESTARTED_MID_ARM: [9932, 14228, 16116, 18004, 19828, 20496, 20924, 21612, 22296, 23112, 25896, 25988] -> [9932, 12988, 14156, 14228, 15652, 19828, 20496, 20924, 21612, 23112, 25896, 25988]
  PROBLEM: BACKEND_RESTARTED_MID_ARM: [9932, 14228, 16116, 18004, 19828, 20496, 20924, 21612, 22296, 23112, 25896, 25988] -> [9932, 12988, 14156, 14228, 15652, 19828, 20496, 20924, 21612, 23112, 25896, 25988]
  PROBLEM: BACKEND_RESTARTED_MID_ARM: [9932, 14228, 16116, 18004, 19828, 20496, 20924, 21612, 22296, 23112, 25896, 25988] -> [9932, 12988, 14156, 14228, 15652, 19828, 20496, 20924, 21612, 23112, 25896, 25988]
  PROBLEM: BACKEND_RESTARTED_MID_ARM: [9932, 14228, 16116, 18004, 19828, 20496, 20924, 21612, 22296, 23112, 25896, 25988] -> [9932, 12988, 14156, 14228, 15652, 19828, 20496, 20924, 21612, 23112, 25896, 25988]
  PROBLEM: BACKEND_RESTARTED_MID_ARM: [9932, 14228, 16116, 18004, 19828, 20496, 20924, 21612, 22296, 23112, 25896, 25988] -> [9932, 12988, 14156, 14228, 15652, 19828, 20496, 20924, 21612, 23112, 25896, 25988]
  PROBLEM: BACKEND_RESTARTED_MID_ARM: [9932, 14228, 16116, 18004, 19828, 20496, 20924, 21612, 22296, 23112, 25896, 25988] -> [9932, 12988, 14156, 14228, 15652, 19828, 20496, 20924, 21612, 23112, 25896, 25988]
  PROBLEM: BACKEND_RESTARTED_MID_ARM: [9932, 14228, 16116, 18004, 19828, 20496, 20924, 21612, 22296, 23112, 25896, 25988] -> [9932, 12988, 14156, 14228, 15652, 19828, 20496, 20924, 21612, 23112, 25896, 25988]
  PROBLEM: BACKEND_RESTARTED_MID_ARM: [9932, 14228, 16116, 18004, 19828, 20496, 20924, 21612, 22296, 23112, 25896, 25988] -> [9932, 12988, 14156, 14228, 15652, 19828, 20496, 20924, 21612, 23112, 25896, 25988]
  PROBLEM: BACKEND_RESTARTED_MID_ARM: [9932, 14228, 16116, 18004, 19828, 20496, 20924, 21612, 22296, 23112, 25896, 25988] -> [9932, 12988, 14156, 14228, 15652, 19828, 20496, 20924, 21612, 23112, 25896, 25988]
  PROBLEM: BACKEND_RESTARTED_MID_ARM: [9932, 14228, 16116, 18004, 19828, 20496, 20924, 21612, 22296, 23112, 25896, 25988] -> [9932, 12988, 14156, 14228, 15652, 19828, 20496, 20924, 21612, 23112, 25896, 25988]
  PROBLEM: BACKEND_RESTARTED_MID_ARM: [9932, 14228, 16116, 18004, 19828, 20496, 20924, 21612, 22296, 23112, 25896, 25988] -> [9932, 12988, 14156, 14228, 15652, 19828, 20496, 20924, 21612, 23112, 25896, 25988]
  PROBLEM: BACKEND_RESTARTED_MID_ARM: [9932, 14228, 16116, 18004, 19828, 20496, 20924, 21612, 22296, 23112, 25896, 25988] -> [9932, 12988, 14156, 14228, 15652, 19828, 20496, 20924, 21612, 23112, 25896, 25988]
  PROBLEM: BACKEND_RESTARTED_MID_ARM: [9932, 14228, 16116, 18004, 19828, 20496, 20924, 21612, 22296, 23112, 25896, 25988] -> [9932, 12988, 14156, 14228, 15652, 19828, 20496, 20924, 21612, 23112, 25896, 25988]
  PROBLEM: BACKEND_RESTARTED_MID_ARM: [9932, 14228, 16116, 18004, 19828, 20496, 20924, 21612, 22296, 23112, 25896, 25988] -> [9932, 12988, 14156, 14228, 15652, 19828, 20496, 20924, 21612, 23112, 25896, 25988]
  PROBLEM: BACKEND_RESTARTED_MID_ARM: [9932, 14228, 16116, 18004, 19828, 20496, 20924, 21612, 22296, 23112, 25896, 25988] -> [7868, 9932, 14156, 14228, 15652, 19828, 20496, 20924, 21612, 23112, 25896, 25988]
  PROBLEM: BACKEND_RESTARTED_MID_ARM: [9932, 14228, 16116, 18004, 19828, 20496, 20924, 21612, 22296, 23112, 25896, 25988] -> [7868, 9932, 14156, 14228, 15652, 19828, 20496, 20924, 21612, 23112, 25896, 25988]
  PROBLEM: BACKEND_RESTARTED_MID_ARM: [9932, 14228, 16116, 18004, 19828, 20496, 20924, 21612, 22296, 23112, 25896, 25988] -> [7868, 9932, 14156, 14228, 15652, 19828, 20496, 20924, 21612, 23112, 25896, 25988]
  PROBLEM: BACKEND_RESTARTED_MID_ARM: [9932, 14228, 16116, 18004, 19828, 20496, 20924, 21612, 22296, 23112, 25896, 25988] -> [7868, 9932, 14156, 14228, 15652, 19828, 20496, 20924, 21612, 23112, 25896, 25988]
  PROBLEM: BACKEND_RESTARTED_MID_ARM: [9932, 14228, 16116, 18004, 19828, 20496, 20924, 21612, 22296, 23112, 25896, 25988] -> [7868, 9932, 14156, 14228, 15652, 19828, 20496, 20924, 21612, 23112, 25896, 25988]
  PROBLEM: BACKEND_RESTARTED_MID_ARM: [9932, 14228, 16116, 18004, 19828, 20496, 20924, 21612, 22296, 23112, 25896, 25988] -> [7868, 9932, 14156, 14228, 15652, 19828, 20496, 20924, 21612, 23112, 25896, 25988]
  PROBLEM: BACKEND_RESTARTED_MID_ARM: [9932, 14228, 16116, 18004, 19828, 20496, 20924, 21612, 22296, 23112, 25896, 25988] -> [7868, 9932, 14156, 14228, 15652, 19828, 20496, 20924, 21612, 23112, 25896, 25988]
  PROBLEM: BACKEND_RESTARTED_MID_ARM: [9932, 14228, 16116, 18004, 19828, 20496, 20924, 21612, 22296, 23112, 25896, 25988] -> [7868, 9932, 14156, 14228, 15652, 19828, 20496, 20924, 21612, 23112, 25896, 25988]
  PROBLEM: BACKEND_RESTARTED_MID_ARM: [9932, 14228, 16116, 18004, 19828, 20496, 20924, 21612, 22296, 23112, 25896, 25988] -> [7868, 9932, 14156, 14228, 15652, 19828, 20496, 20924, 21612, 23112, 25896, 25988]
  PROBLEM: BACKEND_RESTARTED_MID_ARM: [9932, 14228, 16116, 18004, 19828, 20496, 20924, 21612, 22296, 23112, 25896, 25988] -> [7868, 9932, 14156, 14228, 15652, 19828, 20496, 20924, 21612, 23112, 25896, 25988]
  PROBLEM: BACKEND_RESTARTED_MID_ARM: [9932, 14228, 16116, 18004, 19828, 20496, 20924, 21612, 22296, 23112, 25896, 25988] -> [7868, 9932, 14156, 14228, 15652, 19828, 20496, 20924, 21612, 23112, 25896, 25988]
  PROBLEM: BACKEND_RESTARTED_MID_ARM: [9932, 14228, 16116, 18004, 19828, 20496, 20924, 21612, 22296, 23112, 25896, 25988] -> [7868, 9932, 14156, 14228, 15652, 19828, 20496, 20924, 21612, 23112, 25896, 25988]
  PROBLEM: BACKEND_RESTARTED_MID_ARM: [9932, 14228, 16116, 18004, 19828, 20496, 20924, 21612, 22296, 23112, 25896, 25988] -> [7868, 9932, 14156, 14228, 15652, 19828, 20496, 20924, 21612, 23112, 25896, 25988]
  PROBLEM: BACKEND_RESTARTED_MID_ARM: [9932, 14228, 16116, 18004, 19828, 20496, 20924, 21612, 22296, 23112, 25896, 25988] -> [7868, 9932, 14156, 14228, 15652, 19828, 20496, 20924, 21612, 23112, 25896, 25988]
  PROBLEM: BACKEND_RESTARTED_MID_ARM: [9932, 14228, 16116, 18004, 19828, 20496, 20924, 21612, 22296, 23112, 25896, 25988] -> [7868, 9932, 14156, 14228, 15652, 19828, 20496, 20924, 21612, 23112, 25896, 25988]
  PROBLEM: BACKEND_RESTARTED_MID_ARM: [9932, 14228, 16116, 18004, 19828, 20496, 20924, 21612, 22296, 23112, 25896, 25988] -> [2012, 7868, 9932, 14228, 15652, 19828, 20496, 20924, 21612, 23112, 25896, 25988]
  PROBLEM: BACKEND_RESTARTED_MID_ARM: [9932, 14228, 16116, 18004, 19828, 20496, 20924, 21612, 22296, 23112, 25896, 25988] -> [2012, 7868, 9932, 14228, 15652, 19828, 20496, 20924, 21612, 23112, 25896, 25988]
  PROBLEM: BACKEND_RESTARTED_MID_ARM: [9932, 14228, 16116, 18004, 19828, 20496, 20924, 21612, 22296, 23112, 25896, 25988] -> [2012, 7868, 9932, 14228, 15652, 19828, 20496, 20924, 21612, 23112, 25896, 25988]
  PROBLEM: BACKEND_RESTARTED_MID_ARM: [9932, 14228, 16116, 18004, 19828, 20496, 20924, 21612, 22296, 23112, 25896, 25988] -> [2012, 7868, 9932, 14228, 15652, 19828, 20496, 20924, 21612, 23112, 25896, 25988]
  PROBLEM: BACKEND_RESTARTED_MID_ARM: [9932, 14228, 16116, 18004, 19828, 20496, 20924, 21612, 22296, 23112, 25896, 25988] -> [2012, 7868, 9932, 14228, 15652, 19828, 20496, 20924, 21612, 23112, 25896, 25988]
  PROBLEM: BACKEND_RESTARTED_MID_ARM: [9932, 14228, 16116, 18004, 19828, 20496, 20924, 21612, 22296, 23112, 25896, 25988] -> [2012, 7868, 9932, 14228, 15652, 19828, 20496, 20924, 21612, 23112, 25896, 25988]
  PROBLEM: BACKEND_RESTARTED_MID_ARM: [9932, 14228, 16116, 18004, 19828, 20496, 20924, 21612, 22296, 23112, 25896, 25988] -> [2012, 7868, 9932, 14228, 15652, 19828, 20496, 20924, 21612, 23112, 25896, 25988]
  PROBLEM: BACKEND_RESTARTED_MID_ARM: [9932, 14228, 16116, 18004, 19828, 20496, 20924, 21612, 22296, 23112, 25896, 25988] -> [2012, 7868, 9932, 14228, 15652, 19828, 20496, 20924, 21612, 23112, 25896, 25988]
  PROBLEM: BACKEND_RESTARTED_MID_ARM: [9932, 14228, 16116, 18004, 19828, 20496, 20924, 21612, 22296, 23112, 25896, 25988] -> [2012, 7868, 9932, 14228, 15652, 19828, 20496, 20924, 21612, 23112, 25896, 25988]
  PROBLEM: BACKEND_RESTARTED_MID_ARM: [9932, 14228, 16116, 18004, 19828, 20496, 20924, 21612, 22296, 23112, 25896, 25988] -> [2012, 7868, 9932, 14228, 15652, 19828, 20496, 20924, 21612, 23112, 25896, 25988]
  PROBLEM: BACKEND_RESTARTED_MID_ARM: [9932, 14228, 16116, 18004, 19828, 20496, 20924, 21612, 22296, 23112, 25896, 25988] -> [2012, 7868, 9932, 14228, 15652, 19828, 20496, 20924, 21612, 23112, 25896, 25988]
  PROBLEM: BACKEND_RESTARTED_MID_ARM: [9932, 14228, 16116, 18004, 19828, 20496, 20924, 21612, 22296, 23112, 25896, 25988] -> [2012, 7868, 9932, 14228, 15652, 19828, 20496, 20924, 21612, 23112, 25896, 25988]
  PROBLEM: BACKEND_RESTARTED_MID_ARM: [9932, 14228, 16116, 18004, 19828, 20496, 20924, 21612, 22296, 23112, 25896, 25988] -> [2012, 7868, 9932, 14228, 15652, 19828, 20496, 20924, 21612, 23112, 25896, 25988]
  PROBLEM: BACKEND_RESTARTED_MID_ARM: [9932, 14228, 16116, 18004, 19828, 20496, 20924, 21612, 22296, 23112, 25896, 25988] -> [2012, 7868, 9932, 14228, 15652, 19828, 20496, 20924, 21612, 23112, 25896, 25988]
  PROBLEM: BACKEND_RESTARTED_MID_ARM: [9932, 14228, 16116, 18004, 19828, 20496, 20924, 21612, 22296, 23112, 25896, 25988] -> [2012, 7868, 9932, 14228, 15652, 19828, 20496, 20924, 21612, 23112, 25896, 25988]
  PROBLEM: BACKEND_RESTARTED_MID_ARM: [9932, 14228, 16116, 18004, 19828, 20496, 20924, 21612, 22296, 23112, 25896, 25988] -> [2012, 7868, 9932, 14228, 15652, 19828, 20496, 20924, 21612, 23112, 25896, 25988]
  PROBLEM: BACKEND_RESTARTED_MID_ARM: [9932, 14228, 16116, 18004, 19828, 20496, 20924, 21612, 22296, 23112, 25896, 25988] -> [2012, 3560, 7868, 9932, 14228, 19828, 20496, 20924, 21612, 23112, 25896, 25988]
  PROBLEM: BACKEND_RESTARTED_MID_ARM: [9932, 14228, 16116, 18004, 19828, 20496, 20924, 21612, 22296, 23112, 25896, 25988] -> [2012, 3560, 7868, 9932, 14228, 19828, 20496, 20924, 21612, 23112, 25896, 25988]
  PROBLEM: BACKEND_RESTARTED_MID_ARM: [9932, 14228, 16116, 18004, 19828, 20496, 20924, 21612, 22296, 23112, 25896, 25988] -> [2012, 3560, 7868, 9932, 14228, 19828, 20496, 20924, 21612, 23112, 25896, 25988]
  PROBLEM: BACKEND_RESTARTED_MID_ARM: [9932, 14228, 16116, 18004, 19828, 20496, 20924, 21612, 22296, 23112, 25896, 25988] -> [2012, 3560, 7868, 9932, 14228, 19828, 20496, 20924, 21612, 23112, 25896, 25988]
  PROBLEM: BACKEND_RESTARTED_MID_ARM: [9932, 14228, 16116, 18004, 19828, 20496, 20924, 21612, 22296, 23112, 25896, 25988] -> [2012, 3560, 7868, 9932, 14228, 19828, 20496, 20924, 21612, 23112, 25896, 25988]
  PROBLEM: BACKEND_RESTARTED_MID_ARM: [9932, 14228, 16116, 18004, 19828, 20496, 20924, 21612, 22296, 23112, 25896, 25988] -> [2012, 3560, 7868, 9932, 14228, 19828, 20496, 20924, 21612, 23112, 25896, 25988]
  PROBLEM: BACKEND_RESTARTED_MID_ARM: [9932, 14228, 16116, 18004, 19828, 20496, 20924, 21612, 22296, 23112, 25896, 25988] -> [2012, 3560, 7868, 9932, 14228, 19828, 20496, 20924, 21612, 23112, 25896, 25988]
  PROBLEM: BACKEND_RESTARTED_MID_ARM: [9932, 14228, 16116, 18004, 19828, 20496, 20924, 21612, 22296, 23112, 25896, 25988] -> [2012, 3560, 7868, 9932, 14228, 19828, 20496, 20924, 21612, 23112, 25896, 25988]
  PROBLEM: BACKEND_RESTARTED_MID_ARM: [9932, 14228, 16116, 18004, 19828, 20496, 20924, 21612, 22296, 23112, 25896, 25988] -> [2012, 3560, 7868, 9932, 14228, 19828, 20496, 20924, 21612, 23112, 25896, 25988]
  PROBLEM: BACKEND_RESTARTED_MID_ARM: [9932, 14228, 16116, 18004, 19828, 20496, 20924, 21612, 22296, 23112, 25896, 25988] -> [2012, 3560, 7868, 9932, 14228, 19828, 20496, 20924, 21612, 23112, 25896, 25988]
  PROBLEM: BACKEND_RESTARTED_MID_ARM: [9932, 14228, 16116, 18004, 19828, 20496, 20924, 21612, 22296, 23112, 25896, 25988] -> [2012, 3560, 7868, 9932, 14228, 19828, 20496, 20924, 21612, 23112, 25896, 25988]
  PROBLEM: BACKEND_RESTARTED_MID_ARM: [9932, 14228, 16116, 18004, 19828, 20496, 20924, 21612, 22296, 23112, 25896, 25988] -> [2012, 3560, 7868, 9932, 14228, 19828, 20496, 20924, 21612, 23112, 25896, 25988]
  PROBLEM: BACKEND_RESTARTED_MID_ARM: [9932, 14228, 16116, 18004, 19828, 20496, 20924, 21612, 22296, 23112, 25896, 25988] -> [2012, 3560, 7868, 9932, 14228, 19828, 20496, 20924, 21612, 23112, 25896, 25988]
  PROBLEM: BACKEND_RESTARTED_MID_ARM: [9932, 14228, 16116, 18004, 19828, 20496, 20924, 21612, 22296, 23112, 25896, 25988] -> [2012, 3560, 7868, 9932, 14228, 19828, 20496, 20924, 21612, 23112, 25896, 25988]
  PROBLEM: BACKEND_RESTARTED_MID_ARM: [9932, 14228, 16116, 18004, 19828, 20496, 20924, 21612, 22296, 23112, 25896, 25988] -> [2012, 3560, 9932, 12168, 14228, 19828, 20496, 20924, 21612, 23112, 25896, 25988]
  PROBLEM: BACKEND_RESTARTED_MID_ARM: [9932, 14228, 16116, 18004, 19828, 20496, 20924, 21612, 22296, 23112, 25896, 25988] -> [2012, 3560, 9932, 12168, 14228, 19828, 20496, 20924, 21612, 23112, 25896, 25988]
  PROBLEM: BACKEND_RESTARTED_MID_ARM: [9932, 14228, 16116, 18004, 19828, 20496, 20924, 21612, 22296, 23112, 25896, 25988] -> [2012, 3560, 9932, 12168, 14228, 19828, 20496, 20924, 21612, 23112, 25896, 25988]
  PROBLEM: BACKEND_RESTARTED_MID_ARM: [9932, 14228, 16116, 18004, 19828, 20496, 20924, 21612, 22296, 23112, 25896, 25988] -> [2012, 3560, 9932, 12168, 14228, 19828, 20496, 20924, 21612, 23112, 25896, 25988]
  PROBLEM: BACKEND_RESTARTED_MID_ARM: [9932, 14228, 16116, 18004, 19828, 20496, 20924, 21612, 22296, 23112, 25896, 25988] -> [2012, 3560, 9932, 12168, 14228, 19828, 20496, 20924, 21612, 23112, 25896, 25988]
  PROBLEM: BACKEND_RESTARTED_MID_ARM: [9932, 14228, 16116, 18004, 19828, 20496, 20924, 21612, 22296, 23112, 25896, 25988] -> [2012, 3560, 9932, 12168, 14228, 19828, 20496, 20924, 21612, 23112, 25896, 25988]
  PROBLEM: BACKEND_RESTARTED_MID_ARM: [9932, 14228, 16116, 18004, 19828, 20496, 20924, 21612, 22296, 23112, 25896, 25988] -> [2012, 3560, 9932, 12168, 14228, 19828, 20496, 20924, 21612, 23112, 25896, 25988]
  PROBLEM: BACKEND_RESTARTED_MID_ARM: [9932, 14228, 16116, 18004, 19828, 20496, 20924, 21612, 22296, 23112, 25896, 25988] -> [2012, 3560, 9932, 12168, 14228, 19828, 20496, 20924, 21612, 23112, 25896, 25988]
  PROBLEM: BACKEND_RESTARTED_MID_ARM: [9932, 14228, 16116, 18004, 19828, 20496, 20924, 21612, 22296, 23112, 25896, 25988] -> [2012, 3560, 9932, 12168, 14228, 19828, 20496, 20924, 21612, 23112, 25896, 25988]
  PROBLEM: BACKEND_RESTARTED_MID_ARM: [9932, 14228, 16116, 18004, 19828, 20496, 20924, 21612, 22296, 23112, 25896, 25988] -> [2012, 3560, 9932, 12168, 14228, 19828, 20496, 20924, 21612, 23112, 25896, 25988]
  PROBLEM: BACKEND_RESTARTED_MID_ARM: [9932, 14228, 16116, 18004, 19828, 20496, 20924, 21612, 22296, 23112, 25896, 25988] -> [2012, 3560, 9932, 12168, 14228, 19828, 20496, 20924, 21612, 23112, 25896, 25988]
  PROBLEM: BACKEND_RESTARTED_MID_ARM: [9932, 14228, 16116, 18004, 19828, 20496, 20924, 21612, 22296, 23112, 25896, 25988] -> [2012, 3560, 9932, 12168, 14228, 19828, 20496, 20924, 21612, 23112, 25896, 25988]
  PROBLEM: BACKEND_RESTARTED_MID_ARM: [9932, 14228, 16116, 18004, 19828, 20496, 20924, 21612, 22296, 23112, 25896, 25988] -> [2012, 3560, 9932, 12168, 14228, 19828, 20496, 20924, 21612, 23112, 25896, 25988]
  PROBLEM: BACKEND_RESTARTED_MID_ARM: [9932, 14228, 16116, 18004, 19828, 20496, 20924, 21612, 22296, 23112, 25896, 25988] -> [2012, 3560, 9932, 12168, 14228, 19828, 20496, 20924, 21612, 23112, 25896, 25988]
  PROBLEM: BACKEND_RESTARTED_MID_ARM: [9932, 14228, 16116, 18004, 19828, 20496, 20924, 21612, 22296, 23112, 25896, 25988] -> [3560, 9932, 12168, 14228, 19828, 20496, 20924, 21612, 22220, 23112, 25896, 25988]
  PROBLEM: BACKEND_RESTARTED_MID_ARM: [9932, 14228, 16116, 18004, 19828, 20496, 20924, 21612, 22296, 23112, 25896, 25988] -> [3560, 9932, 12168, 14228, 19828, 20496, 20924, 21612, 22220, 23112, 25896, 25988]
  PROBLEM: BACKEND_RESTARTED_MID_ARM: [9932, 14228, 16116, 18004, 19828, 20496, 20924, 21612, 22296, 23112, 25896, 25988] -> [3560, 9932, 12168, 14228, 19828, 20496, 20924, 21612, 22220, 23112, 25896, 25988]
  PROBLEM: BACKEND_RESTARTED_MID_ARM: [9932, 14228, 16116, 18004, 19828, 20496, 20924, 21612, 22296, 23112, 25896, 25988] -> [3560, 9932, 12168, 14228, 19828, 20496, 20924, 21612, 22220, 23112, 25896, 25988]
  PROBLEM: BACKEND_RESTARTED_MID_ARM: [9932, 14228, 16116, 18004, 19828, 20496, 20924, 21612, 22296, 23112, 25896, 25988] -> [3560, 9932, 12168, 14228, 19828, 20496, 20924, 21612, 22220, 23112, 25896, 25988]
  PROBLEM: BACKEND_RESTARTED_MID_ARM: [9932, 14228, 16116, 18004, 19828, 20496, 20924, 21612, 22296, 23112, 25896, 25988] -> [3560, 9932, 12168, 14228, 19828, 20496, 20924, 21612, 22220, 23112, 25896, 25988]
  PROBLEM: BACKEND_RESTARTED_MID_ARM: [9932, 14228, 16116, 18004, 19828, 20496, 20924, 21612, 22296, 23112, 25896, 25988] -> [3560, 9932, 12168, 14228, 19828, 20496, 20924, 21612, 22220, 23112, 25896, 25988]
  PROBLEM: BACKEND_RESTARTED_MID_ARM: [9932, 14228, 16116, 18004, 19828, 20496, 20924, 21612, 22296, 23112, 25896, 25988] -> [3560, 9932, 12168, 14228, 19828, 20496, 20924, 21612, 22220, 23112, 25896, 25988]
  PROBLEM: BACKEND_RESTARTED_MID_ARM: [9932, 14228, 16116, 18004, 19828, 20496, 20924, 21612, 22296, 23112, 25896, 25988] -> [3560, 9932, 12168, 14228, 19828, 20496, 20924, 21612, 22220, 23112, 25896, 25988]
  PROBLEM: BACKEND_RESTARTED_MID_ARM: [9932, 14228, 16116, 18004, 19828, 20496, 20924, 21612, 22296, 23112, 25896, 25988] -> [3560, 9932, 12168, 14228, 19828, 20496, 20924, 21612, 22220, 23112, 25896, 25988]
  PROBLEM: BACKEND_RESTARTED_MID_ARM: [9932, 14228, 16116, 18004, 19828, 20496, 20924, 21612, 22296, 23112, 25896, 25988] -> [3560, 9932, 12168, 14228, 19828, 20496, 20924, 21612, 22220, 23112, 25896, 25988]
  PROBLEM: BACKEND_RESTARTED_MID_ARM: [9932, 14228, 16116, 18004, 19828, 20496, 20924, 21612, 22296, 23112, 25896, 25988] -> [3560, 9932, 12168, 14228, 19828, 20496, 20924, 21612, 22220, 23112, 25896, 25988]
  PROBLEM: BACKEND_RESTARTED_MID_ARM: [9932, 14228, 16116, 18004, 19828, 20496, 20924, 21612, 22296, 23112, 25896, 25988] -> [3560, 9932, 12168, 14228, 19828, 20496, 20924, 21612, 22220, 23112, 25896, 25988]
  PROBLEM: BACKEND_RESTARTED_MID_ARM: [9932, 14228, 16116, 18004, 19828, 20496, 20924, 21612, 22296, 23112, 25896, 25988] -> [3560, 9932, 12168, 14228, 19828, 20496, 20924, 21612, 22220, 23112, 25896, 25988]
  PROBLEM: BACKEND_RESTARTED_MID_ARM: [9932, 14228, 16116, 18004, 19828, 20496, 20924, 21612, 22296, 23112, 25896, 25988] -> [3560, 9932, 12168, 14228, 19828, 20496, 20924, 21612, 22220, 23112, 25896, 25988]
  PROBLEM: BACKEND_RESTARTED_MID_ARM: [9932, 14228, 16116, 18004, 19828, 20496, 20924, 21612, 22296, 23112, 25896, 25988] -> [9932, 12168, 14228, 19828, 20496, 20924, 21612, 22220, 22536, 23112, 25896, 25988]
  PROBLEM: BACKEND_RESTARTED_MID_ARM: [9932, 14228, 16116, 18004, 19828, 20496, 20924, 21612, 22296, 23112, 25896, 25988] -> [9932, 12168, 14228, 19828, 20496, 20924, 21612, 22220, 22536, 23112, 25896, 25988]
  PROBLEM: BACKEND_RESTARTED_MID_ARM: [9932, 14228, 16116, 18004, 19828, 20496, 20924, 21612, 22296, 23112, 25896, 25988] -> [9932, 12168, 14228, 19828, 20496, 20924, 21612, 22220, 22536, 23112, 25896, 25988]
  PROBLEM: BACKEND_RESTARTED_MID_ARM: [9932, 14228, 16116, 18004, 19828, 20496, 20924, 21612, 22296, 23112, 25896, 25988] -> [9932, 12168, 14228, 19828, 20496, 20924, 21612, 22220, 22536, 23112, 25896, 25988]
  PROBLEM: BACKEND_RESTARTED_MID_ARM: [9932, 14228, 16116, 18004, 19828, 20496, 20924, 21612, 22296, 23112, 25896, 25988] -> [9932, 12168, 14228, 19828, 20496, 20924, 21612, 22220, 22536, 23112, 25896, 25988]
  PROBLEM: BACKEND_RESTARTED_MID_ARM: [9932, 14228, 16116, 18004, 19828, 20496, 20924, 21612, 22296, 23112, 25896, 25988] -> [9932, 12168, 14228, 19828, 20496, 20924, 21612, 22220, 22536, 23112, 25896, 25988]
  PROBLEM: BACKEND_RESTARTED_MID_ARM: [9932, 14228, 16116, 18004, 19828, 20496, 20924, 21612, 22296, 23112, 25896, 25988] -> [9932, 12168, 14228, 19828, 20496, 20924, 21612, 22220, 22536, 23112, 25896, 25988]
  PROBLEM: BACKEND_RESTARTED_MID_ARM: [9932, 14228, 16116, 18004, 19828, 20496, 20924, 21612, 22296, 23112, 25896, 25988] -> [9932, 12168, 14228, 19828, 20496, 20924, 21612, 22220, 22536, 23112, 25896, 25988]
  PROBLEM: BACKEND_RESTARTED_MID_ARM: [9932, 14228, 16116, 18004, 19828, 20496, 20924, 21612, 22296, 23112, 25896, 25988] -> [9932, 12168, 14228, 19828, 20496, 20924, 21612, 22220, 22536, 23112, 25896, 25988]
  PROBLEM: BACKEND_RESTARTED_MID_ARM: [9932, 14228, 16116, 18004, 19828, 20496, 20924, 21612, 22296, 23112, 25896, 25988] -> [9932, 12168, 14228, 19828, 20496, 20924, 21612, 22220, 22536, 23112, 25896, 25988]
  PROBLEM: BACKEND_RESTARTED_MID_ARM: [9932, 14228, 16116, 18004, 19828, 20496, 20924, 21612, 22296, 23112, 25896, 25988] -> [9932, 12168, 14228, 19828, 20496, 20924, 21612, 22220, 22536, 23112, 25896, 25988]
  PROBLEM: BACKEND_RESTARTED_MID_ARM: [9932, 14228, 16116, 18004, 19828, 20496, 20924, 21612, 22296, 23112, 25896, 25988] -> [9932, 12168, 14228, 19828, 20496, 20924, 21612, 22220, 22536, 23112, 25896, 25988]
  PROBLEM: BACKEND_RESTARTED_MID_ARM: [9932, 14228, 16116, 18004, 19828, 20496, 20924, 21612, 22296, 23112, 25896, 25988] -> [9932, 12168, 14228, 19828, 20496, 20924, 21612, 22220, 22536, 23112, 25896, 25988]
  PROBLEM: BACKEND_RESTARTED_MID_ARM: [9932, 14228, 16116, 18004, 19828, 20496, 20924, 21612, 22296, 23112, 25896, 25988] -> [9932, 12168, 14228, 19828, 20496, 20924, 21612, 22220, 22536, 23112, 25896, 25988]
  PROBLEM: BACKEND_RESTARTED_MID_ARM: [9932, 14228, 16116, 18004, 19828, 20496, 20924, 21612, 22296, 23112, 25896, 25988] -> [9932, 14228, 19828, 20496, 20924, 21612, 22220, 22536, 23112, 25436, 25896, 25988]
  PROBLEM: BACKEND_RESTARTED_MID_ARM: [9932, 14228, 16116, 18004, 19828, 20496, 20924, 21612, 22296, 23112, 25896, 25988] -> [9932, 14228, 19828, 20496, 20924, 21612, 22220, 22536, 23112, 25436, 25896, 25988]
  PROBLEM: BACKEND_RESTARTED_MID_ARM: [9932, 14228, 16116, 18004, 19828, 20496, 20924, 21612, 22296, 23112, 25896, 25988] -> [9932, 14228, 19828, 20496, 20924, 21612, 22220, 22536, 23112, 25436, 25896, 25988]
  PROBLEM: BACKEND_RESTARTED_MID_ARM: [9932, 14228, 16116, 18004, 19828, 20496, 20924, 21612, 22296, 23112, 25896, 25988] -> [9932, 14228, 19828, 20496, 20924, 21612, 22220, 22536, 23112, 25436, 25896, 25988]
  PROBLEM: BACKEND_RESTARTED_MID_ARM: [9932, 14228, 16116, 18004, 19828, 20496, 20924, 21612, 22296, 23112, 25896, 25988] -> [9932, 14228, 19828, 20496, 20924, 21612, 22220, 22536, 23112, 25436, 25896, 25988]
  PROBLEM: BACKEND_RESTARTED_MID_ARM: [9932, 14228, 16116, 18004, 19828, 20496, 20924, 21612, 22296, 23112, 25896, 25988] -> [9932, 14228, 19828, 20496, 20924, 21612, 22220, 22536, 23112, 25436, 25896, 25988]
  PROBLEM: BACKEND_RESTARTED_MID_ARM: [9932, 14228, 16116, 18004, 19828, 20496, 20924, 21612, 22296, 23112, 25896, 25988] -> [9932, 14228, 19828, 20496, 20924, 21612, 22220, 22536, 23112, 25436, 25896, 25988]
  PROBLEM: BACKEND_RESTARTED_MID_ARM: [9932, 14228, 16116, 18004, 19828, 20496, 20924, 21612, 22296, 23112, 25896, 25988] -> [9932, 14228, 19828, 20496, 20924, 21612, 22220, 22536, 23112, 25436, 25896, 25988]
  PROBLEM: BACKEND_RESTARTED_MID_ARM: [9932, 14228, 16116, 18004, 19828, 20496, 20924, 21612, 22296, 23112, 25896, 25988] -> [9932, 14228, 19828, 20496, 20924, 21612, 22220, 22536, 23112, 25436, 25896, 25988]
  PROBLEM: BACKEND_RESTARTED_MID_ARM: [9932, 14228, 16116, 18004, 19828, 20496, 20924, 21612, 22296, 23112, 25896, 25988] -> [9932, 14228, 19828, 20496, 20924, 21612, 22220, 22536, 23112, 25436, 25896, 25988]
  PROBLEM: BACKEND_RESTARTED_MID_ARM: [9932, 14228, 16116, 18004, 19828, 20496, 20924, 21612, 22296, 23112, 25896, 25988] -> [9932, 14228, 19828, 20496, 20924, 21612, 22220, 22536, 23112, 25436, 25896, 25988]
  PROBLEM: BACKEND_RESTARTED_MID_ARM: [9932, 14228, 16116, 18004, 19828, 20496, 20924, 21612, 22296, 23112, 25896, 25988] -> [9932, 14228, 19828, 20496, 20924, 21612, 22220, 22536, 23112, 25436, 25896, 25988]
  PROBLEM: BACKEND_RESTARTED_MID_ARM: [9932, 14228, 16116, 18004, 19828, 20496, 20924, 21612, 22296, 23112, 25896, 25988] -> [9932, 14228, 19828, 20496, 20924, 21612, 22220, 22536, 23112, 25436, 25896, 25988]
  PROBLEM: BACKEND_RESTARTED_MID_ARM: [9932, 14228, 16116, 18004, 19828, 20496, 20924, 21612, 22296, 23112, 25896, 25988] -> [9932, 14228, 19828, 20496, 20924, 21612, 22220, 22536, 23112, 25436, 25896, 25988]
  PROBLEM: BACKEND_RESTARTED_MID_ARM: [9932, 14228, 16116, 18004, 19828, 20496, 20924, 21612, 22296, 23112, 25896, 25988] -> [9932, 14228, 15956, 19828, 20496, 20924, 21612, 22536, 23112, 25436, 25896, 25988]
  PROBLEM: BACKEND_RESTARTED_MID_ARM: [9932, 14228, 16116, 18004, 19828, 20496, 20924, 21612, 22296, 23112, 25896, 25988] -> [9932, 14228, 15956, 19828, 20496, 20924, 21612, 22536, 23112, 25436, 25896, 25988]
  PROBLEM: BACKEND_RESTARTED_MID_ARM: [9932, 14228, 16116, 18004, 19828, 20496, 20924, 21612, 22296, 23112, 25896, 25988] -> [9932, 14228, 15956, 19828, 20496, 20924, 21612, 22536, 23112, 25436, 25896, 25988]
  PROBLEM: BACKEND_RESTARTED_MID_ARM: [9932, 14228, 16116, 18004, 19828, 20496, 20924, 21612, 22296, 23112, 25896, 25988] -> [9932, 14228, 15956, 19828, 20496, 20924, 21612, 22536, 23112, 25436, 25896, 25988]
  PROBLEM: BACKEND_RESTARTED_MID_ARM: [9932, 14228, 16116, 18004, 19828, 20496, 20924, 21612, 22296, 23112, 25896, 25988] -> [9932, 14228, 15956, 19828, 20496, 20924, 21612, 22536, 23112, 25436, 25896, 25988]
  PROBLEM: BACKEND_RESTARTED_MID_ARM: [9932, 14228, 16116, 18004, 19828, 20496, 20924, 21612, 22296, 23112, 25896, 25988] -> [9932, 14228, 15956, 19828, 20496, 20924, 21612, 22536, 23112, 25436, 25896, 25988]
  PROBLEM: BACKEND_RESTARTED_MID_ARM: [9932, 14228, 16116, 18004, 19828, 20496, 20924, 21612, 22296, 23112, 25896, 25988] -> [9932, 14228, 15956, 19828, 20496, 20924, 21612, 22536, 23112, 25436, 25896, 25988]
  PROBLEM: BACKEND_RESTARTED_MID_ARM: [9932, 14228, 16116, 18004, 19828, 20496, 20924, 21612, 22296, 23112, 25896, 25988] -> [9932, 14228, 15956, 19828, 20496, 20924, 21612, 22536, 23112, 25436, 25896, 25988]
  PROBLEM: BACKEND_RESTARTED_MID_ARM: [9932, 14228, 16116, 18004, 19828, 20496, 20924, 21612, 22296, 23112, 25896, 25988] -> [9932, 14228, 15956, 19828, 20496, 20924, 21612, 22536, 23112, 25436, 25896, 25988]
  PROBLEM: BACKEND_RESTARTED_MID_ARM: [9932, 14228, 16116, 18004, 19828, 20496, 20924, 21612, 22296, 23112, 25896, 25988] -> [9932, 14228, 15956, 19828, 20496, 20924, 21612, 22536, 23112, 25436, 25896, 25988]
  PROBLEM: BACKEND_RESTARTED_MID_ARM: [9932, 14228, 16116, 18004, 19828, 20496, 20924, 21612, 22296, 23112, 25896, 25988] -> [9932, 14228, 15956, 19828, 20496, 20924, 21612, 22536, 23112, 25436, 25896, 25988]
  PROBLEM: BACKEND_RESTARTED_MID_ARM: [9932, 14228, 16116, 18004, 19828, 20496, 20924, 21612, 22296, 23112, 25896, 25988] -> [9932, 14228, 15956, 19828, 20496, 20924, 21612, 22536, 23112, 25436, 25896, 25988]
  PROBLEM: BACKEND_RESTARTED_MID_ARM: [9932, 14228, 16116, 18004, 19828, 20496, 20924, 21612, 22296, 23112, 25896, 25988] -> [9932, 14228, 15956, 19828, 20496, 20924, 21612, 22536, 23112, 25436, 25896, 25988]
  PROBLEM: BACKEND_RESTARTED_MID_ARM: [9932, 14228, 16116, 18004, 19828, 20496, 20924, 21612, 22296, 23112, 25896, 25988] -> [9932, 14228, 15956, 19828, 20496, 20924, 21612, 22536, 23112, 25436, 25896, 25988]
  PROBLEM: BACKEND_RESTARTED_MID_ARM: [9932, 14228, 16116, 18004, 19828, 20496, 20924, 21612, 22296, 23112, 25896, 25988] -> [8772, 9932, 14228, 15956, 19828, 20496, 20924, 21612, 23112, 25436, 25896, 25988]
  PROBLEM: BACKEND_RESTARTED_MID_ARM: [9932, 14228, 16116, 18004, 19828, 20496, 20924, 21612, 22296, 23112, 25896, 25988] -> [8772, 9932, 14228, 15956, 19828, 20496, 20924, 21612, 23112, 25436, 25896, 25988]
  PROBLEM: BACKEND_RESTARTED_MID_ARM: [9932, 14228, 16116, 18004, 19828, 20496, 20924, 21612, 22296, 23112, 25896, 25988] -> [8772, 9932, 14228, 15956, 19828, 20496, 20924, 21612, 23112, 25436, 25896, 25988]
  PROBLEM: BACKEND_RESTARTED_MID_ARM: [9932, 14228, 16116, 18004, 19828, 20496, 20924, 21612, 22296, 23112, 25896, 25988] -> [8772, 9932, 14228, 15956, 19828, 20496, 20924, 21612, 23112, 25436, 25896, 25988]
  PROBLEM: BACKEND_RESTARTED_MID_ARM: [9932, 14228, 16116, 18004, 19828, 20496, 20924, 21612, 22296, 23112, 25896, 25988] -> [8772, 9932, 14228, 15956, 19828, 20496, 20924, 21612, 23112, 25436, 25896, 25988]
  PROBLEM: BACKEND_RESTARTED_MID_ARM: [9932, 14228, 16116, 18004, 19828, 20496, 20924, 21612, 22296, 23112, 25896, 25988] -> [8772, 9932, 14228, 15956, 19828, 20496, 20924, 21612, 23112, 25436, 25896, 25988]
  PROBLEM: BACKEND_RESTARTED_MID_ARM: [9932, 14228, 16116, 18004, 19828, 20496, 20924, 21612, 22296, 23112, 25896, 25988] -> [8772, 9932, 14228, 15956, 19828, 20496, 20924, 21612, 23112, 25436, 25896, 25988]
  PROBLEM: BACKEND_RESTARTED_MID_ARM: [9932, 14228, 16116, 18004, 19828, 20496, 20924, 21612, 22296, 23112, 25896, 25988] -> [8772, 9932, 14228, 15956, 19828, 20496, 20924, 21612, 23112, 25436, 25896, 25988]
  PROBLEM: BACKEND_RESTARTED_MID_ARM: [9932, 14228, 16116, 18004, 19828, 20496, 20924, 21612, 22296, 23112, 25896, 25988] -> [8772, 9932, 14228, 15956, 19828, 20496, 20924, 21612, 23112, 25436, 25896, 25988]
  PROBLEM: BACKEND_RESTARTED_MID_ARM: [9932, 14228, 16116, 18004, 19828, 20496, 20924, 21612, 22296, 23112, 25896, 25988] -> [8772, 9932, 14228, 15956, 19828, 20496, 20924, 21612, 23112, 25436, 25896, 25988]
  PROBLEM: BACKEND_RESTARTED_MID_ARM: [9932, 14228, 16116, 18004, 19828, 20496, 20924, 21612, 22296, 23112, 25896, 25988] -> [8772, 9932, 14228, 15956, 19828, 20496, 20924, 21612, 23112, 25436, 25896, 25988]
  PROBLEM: BACKEND_RESTARTED_MID_ARM: [9932, 14228, 16116, 18004, 19828, 20496, 20924, 21612, 22296, 23112, 25896, 25988] -> [8772, 9932, 14228, 15956, 19828, 20496, 20924, 21612, 23112, 25436, 25896, 25988]
  PROBLEM: BACKEND_RESTARTED_MID_ARM: [9932, 14228, 16116, 18004, 19828, 20496, 20924, 21612, 22296, 23112, 25896, 25988] -> [8772, 9932, 14228, 15956, 19828, 20496, 20924, 21612, 23112, 25436, 25896, 25988]
  PROBLEM: BACKEND_RESTARTED_MID_ARM: [9932, 14228, 16116, 18004, 19828, 20496, 20924, 21612, 22296, 23112, 25896, 25988] -> [8772, 9932, 14228, 15956, 19828, 20496, 20924, 21612, 23112, 25436, 25896, 25988]
  PROBLEM: BACKEND_RESTARTED_MID_ARM: [9932, 14228, 16116, 18004, 19828, 20496, 20924, 21612, 22296, 23112, 25896, 25988] -> [8772, 9932, 14228, 15956, 19828, 20496, 20924, 21612, 23112, 25896, 25988, 26840]
  PROBLEM: BACKEND_RESTARTED_MID_ARM: [9932, 14228, 16116, 18004, 19828, 20496, 20924, 21612, 22296, 23112, 25896, 25988] -> [8772, 9932, 14228, 15956, 19828, 20496, 20924, 21612, 23112, 25896, 25988, 26840]
  PROBLEM: BACKEND_RESTARTED_MID_ARM: [9932, 14228, 16116, 18004, 19828, 20496, 20924, 21612, 22296, 23112, 25896, 25988] -> [8772, 9932, 14228, 15956, 19828, 20496, 20924, 21612, 23112, 25896, 25988, 26840]
  PROBLEM: BACKEND_RESTARTED_MID_ARM: [9932, 14228, 16116, 18004, 19828, 20496, 20924, 21612, 22296, 23112, 25896, 25988] -> [8772, 9932, 14228, 15956, 19828, 20496, 20924, 21612, 23112, 25896, 25988, 26840]
  PROBLEM: BACKEND_RESTARTED_MID_ARM: [9932, 14228, 16116, 18004, 19828, 20496, 20924, 21612, 22296, 23112, 25896, 25988] -> [8772, 9932, 14228, 15956, 19828, 20496, 20924, 21612, 23112, 25896, 25988, 26840]
  PROBLEM: BACKEND_RESTARTED_MID_ARM: [9932, 14228, 16116, 18004, 19828, 20496, 20924, 21612, 22296, 23112, 25896, 25988] -> [8772, 9932, 14228, 15956, 19828, 20496, 20924, 21612, 23112, 25896, 25988, 26840]
  PROBLEM: BACKEND_RESTARTED_MID_ARM: [9932, 14228, 16116, 18004, 19828, 20496, 20924, 21612, 22296, 23112, 25896, 25988] -> [8772, 9932, 14228, 15956, 19828, 20496, 20924, 21612, 23112, 25896, 25988, 26840]
  PROBLEM: BACKEND_RESTARTED_MID_ARM: [9932, 14228, 16116, 18004, 19828, 20496, 20924, 21612, 22296, 23112, 25896, 25988] -> [8772, 9932, 14228, 15956, 19828, 20496, 20924, 21612, 23112, 25896, 25988, 26840]
  PROBLEM: BACKEND_RESTARTED_MID_ARM: [9932, 14228, 16116, 18004, 19828, 20496, 20924, 21612, 22296, 23112, 25896, 25988] -> [8772, 9932, 14228, 15956, 19828, 20496, 20924, 21612, 23112, 25896, 25988, 26840]
  PROBLEM: BACKEND_RESTARTED_MID_ARM: [9932, 14228, 16116, 18004, 19828, 20496, 20924, 21612, 22296, 23112, 25896, 25988] -> [8772, 9932, 14228, 15956, 19828, 20496, 20924, 21612, 23112, 25896, 25988, 26840]
  PROBLEM: BACKEND_RESTARTED_MID_ARM: [9932, 14228, 16116, 18004, 19828, 20496, 20924, 21612, 22296, 23112, 25896, 25988] -> [8772, 9932, 14228, 15956, 19828, 20496, 20924, 21612, 23112, 25896, 25988, 26840]
  PROBLEM: BACKEND_RESTARTED_MID_ARM: [9932, 14228, 16116, 18004, 19828, 20496, 20924, 21612, 22296, 23112, 25896, 25988] -> [8772, 9932, 14228, 15956, 19828, 20496, 20924, 21612, 23112, 25896, 25988, 26840]
  PROBLEM: BACKEND_RESTARTED_MID_ARM: [9932, 14228, 16116, 18004, 19828, 20496, 20924, 21612, 22296, 23112, 25896, 25988] -> [8772, 9932, 14228, 15956, 19828, 20496, 20924, 21612, 23112, 25896, 25988, 26840]
  PROBLEM: BACKEND_RESTARTED_MID_ARM: [9932, 14228, 16116, 18004, 19828, 20496, 20924, 21612, 22296, 23112, 25896, 25988] -> [8772, 9932, 14228, 15956, 19828, 20496, 20924, 21612, 23112, 25896, 25988, 26840]
  PROBLEM: BACKEND_RESTARTED_MID_ARM: [9932, 14228, 16116, 18004, 19828, 20496, 20924, 21612, 22296, 23112, 25896, 25988] -> [8772, 9932, 14228, 15956, 19828, 20496, 20924, 21612, 23112, 25896, 25988, 26840]
  PROBLEM: BACKEND_RESTARTED_MID_ARM: [9932, 14228, 16116, 18004, 19828, 20496, 20924, 21612, 22296, 23112, 25896, 25988] -> [7516, 8772, 9932, 14228, 19828, 20496, 20924, 21612, 23112, 25896, 25988, 26840]
  PROBLEM: BACKEND_RESTARTED_MID_ARM: [9932, 14228, 16116, 18004, 19828, 20496, 20924, 21612, 22296, 23112, 25896, 25988] -> [7516, 8772, 9932, 14228, 19828, 20496, 20924, 21612, 23112, 25896, 25988, 26840]
  PROBLEM: BACKEND_RESTARTED_MID_ARM: [9932, 14228, 16116, 18004, 19828, 20496, 20924, 21612, 22296, 23112, 25896, 25988] -> [7516, 8772, 9932, 14228, 19828, 20496, 20924, 21612, 23112, 25896, 25988, 26840]
  PROBLEM: BACKEND_RESTARTED_MID_ARM: [9932, 14228, 16116, 18004, 19828, 20496, 20924, 21612, 22296, 23112, 25896, 25988] -> [7516, 8772, 9932, 14228, 19828, 20496, 20924, 21612, 23112, 25896, 25988, 26840]
  PROBLEM: BACKEND_RESTARTED_MID_ARM: [9932, 14228, 16116, 18004, 19828, 20496, 20924, 21612, 22296, 23112, 25896, 25988] -> [7516, 8772, 9932, 14228, 19828, 20496, 20924, 21612, 23112, 25896, 25988, 26840]
  PROBLEM: BACKEND_RESTARTED_MID_ARM: [9932, 14228, 16116, 18004, 19828, 20496, 20924, 21612, 22296, 23112, 25896, 25988] -> [7516, 8772, 9932, 14228, 19828, 20496, 20924, 21612, 23112, 25896, 25988, 26840]
  PROBLEM: BACKEND_RESTARTED_MID_ARM: [9932, 14228, 16116, 18004, 19828, 20496, 20924, 21612, 22296, 23112, 25896, 25988] -> [7516, 8772, 9932, 14228, 19828, 20496, 20924, 21612, 23112, 25896, 25988, 26840]
  PROBLEM: BACKEND_RESTARTED_MID_ARM: [9932, 14228, 16116, 18004, 19828, 20496, 20924, 21612, 22296, 23112, 25896, 25988] -> [7516, 8772, 9932, 14228, 19828, 20496, 20924, 21612, 23112, 25896, 25988, 26840]
  PROBLEM: BACKEND_RESTARTED_MID_ARM: [9932, 14228, 16116, 18004, 19828, 20496, 20924, 21612, 22296, 23112, 25896, 25988] -> [7516, 8772, 9932, 14228, 19828, 20496, 20924, 21612, 23112, 25896, 25988, 26840]
  PROBLEM: BACKEND_RESTARTED_MID_ARM: [9932, 14228, 16116, 18004, 19828, 20496, 20924, 21612, 22296, 23112, 25896, 25988] -> [7516, 8772, 9932, 14228, 19828, 20496, 20924, 21612, 23112, 25896, 25988, 26840]
  PROBLEM: BACKEND_RESTARTED_MID_ARM: [9932, 14228, 16116, 18004, 19828, 20496, 20924, 21612, 22296, 23112, 25896, 25988] -> [7516, 8772, 9932, 14228, 19828, 20496, 20924, 21612, 23112, 25896, 25988, 26840]
  PROBLEM: BACKEND_RESTARTED_MID_ARM: [9932, 14228, 16116, 18004, 19828, 20496, 20924, 21612, 22296, 23112, 25896, 25988] -> [7516, 8772, 9932, 14228, 19828, 20496, 20924, 21612, 23112, 25896, 25988, 26840]
  PROBLEM: BACKEND_RESTARTED_MID_ARM: [9932, 14228, 16116, 18004, 19828, 20496, 20924, 21612, 22296, 23112, 25896, 25988] -> [7516, 8772, 9932, 14228, 19828, 20496, 20924, 21612, 23112, 25896, 25988, 26840]
  PROBLEM: BACKEND_RESTARTED_MID_ARM: [9932, 14228, 16116, 18004, 19828, 20496, 20924, 21612, 22296, 23112, 25896, 25988] -> [7516, 8772, 9932, 14228, 19828, 20496, 20924, 21612, 23112, 25896, 25988, 26840]
  PROBLEM: BACKEND_RESTARTED_MID_ARM: [9932, 14228, 16116, 18004, 19828, 20496, 20924, 21612, 22296, 23112, 25896, 25988] -> [7516, 8772, 9932, 14228, 19828, 20496, 20924, 21612, 23112, 25896, 25988, 26840]
  PROBLEM: BACKEND_RESTARTED_MID_ARM: [9932, 14228, 16116, 18004, 19828, 20496, 20924, 21612, 22296, 23112, 25896, 25988] -> [7516, 9932, 14228, 19828, 20496, 20816, 20924, 21612, 23112, 25896, 25988, 26840]
  PROBLEM: BACKEND_RESTARTED_MID_ARM: [9932, 14228, 16116, 18004, 19828, 20496, 20924, 21612, 22296, 23112, 25896, 25988] -> [7516, 9932, 14228, 19828, 20496, 20816, 20924, 21612, 23112, 25896, 25988, 26840]
  PROBLEM: BACKEND_RESTARTED_MID_ARM: [9932, 14228, 16116, 18004, 19828, 20496, 20924, 21612, 22296, 23112, 25896, 25988] -> [7516, 9932, 14228, 19828, 20496, 20816, 20924, 21612, 23112, 25896, 25988, 26840]
  PROBLEM: BACKEND_RESTARTED_MID_ARM: [9932, 14228, 16116, 18004, 19828, 20496, 20924, 21612, 22296, 23112, 25896, 25988] -> [7516, 9932, 14228, 19828, 20496, 20816, 20924, 21612, 23112, 25896, 25988, 26840]
  PROBLEM: BACKEND_RESTARTED_MID_ARM: [9932, 14228, 16116, 18004, 19828, 20496, 20924, 21612, 22296, 23112, 25896, 25988] -> [7516, 9932, 14228, 19828, 20496, 20816, 20924, 21612, 23112, 25896, 25988, 26840]
  PROBLEM: BACKEND_RESTARTED_MID_ARM: [9932, 14228, 16116, 18004, 19828, 20496, 20924, 21612, 22296, 23112, 25896, 25988] -> [7516, 9932, 14228, 19828, 20496, 20816, 20924, 21612, 23112, 25896, 25988, 26840]
  PROBLEM: BACKEND_RESTARTED_MID_ARM: [9932, 14228, 16116, 18004, 19828, 20496, 20924, 21612, 22296, 23112, 25896, 25988] -> [7516, 9932, 14228, 19828, 20496, 20816, 20924, 21612, 23112, 25896, 25988, 26840]
  PROBLEM: BACKEND_RESTARTED_MID_ARM: [9932, 14228, 16116, 18004, 19828, 20496, 20924, 21612, 22296, 23112, 25896, 25988] -> [7516, 9932, 14228, 19828, 20496, 20816, 20924, 21612, 23112, 25896, 25988, 26840]
  PROBLEM: BACKEND_RESTARTED_MID_ARM: [9932, 14228, 16116, 18004, 19828, 20496, 20924, 21612, 22296, 23112, 25896, 25988] -> [7516, 9932, 14228, 19828, 20496, 20816, 20924, 21612, 23112, 25896, 25988, 26840]
  PROBLEM: BACKEND_RESTARTED_MID_ARM: [9932, 14228, 16116, 18004, 19828, 20496, 20924, 21612, 22296, 23112, 25896, 25988] -> [7516, 9932, 14228, 19828, 20496, 20816, 20924, 21612, 23112, 25896, 25988, 26840]
  PROBLEM: BACKEND_RESTARTED_MID_ARM: [9932, 14228, 16116, 18004, 19828, 20496, 20924, 21612, 22296, 23112, 25896, 25988] -> [7516, 9932, 14228, 19828, 20496, 20816, 20924, 21612, 23112, 25896, 25988, 26840]
  PROBLEM: BACKEND_RESTARTED_MID_ARM: [9932, 14228, 16116, 18004, 19828, 20496, 20924, 21612, 22296, 23112, 25896, 25988] -> [7516, 9932, 14228, 19828, 20496, 20816, 20924, 21612, 23112, 25896, 25988, 26840]
  PROBLEM: BACKEND_RESTARTED_MID_ARM: [9932, 14228, 16116, 18004, 19828, 20496, 20924, 21612, 22296, 23112, 25896, 25988] -> [7516, 9932, 14228, 19828, 20496, 20816, 20924, 21612, 23112, 25896, 25988, 26840]
  PROBLEM: BACKEND_RESTARTED_MID_ARM: [9932, 14228, 16116, 18004, 19828, 20496, 20924, 21612, 22296, 23112, 25896, 25988] -> [7516, 9932, 14228, 19828, 20496, 20816, 20924, 21612, 23112, 25896, 25988, 26840]
  PROBLEM: BACKEND_RESTARTED_MID_ARM: [9932, 14228, 16116, 18004, 19828, 20496, 20924, 21612, 22296, 23112, 25896, 25988] -> [7516, 9932, 14228, 19828, 20496, 20816, 20924, 21392, 21612, 23112, 25896, 25988]
  PROBLEM: BACKEND_RESTARTED_MID_ARM: [9932, 14228, 16116, 18004, 19828, 20496, 20924, 21612, 22296, 23112, 25896, 25988] -> [7516, 9932, 14228, 19828, 20496, 20816, 20924, 21392, 21612, 23112, 25896, 25988]
  PROBLEM: BACKEND_RESTARTED_MID_ARM: [9932, 14228, 16116, 18004, 19828, 20496, 20924, 21612, 22296, 23112, 25896, 25988] -> [7516, 9932, 14228, 19828, 20496, 20816, 20924, 21392, 21612, 23112, 25896, 25988]
  PROBLEM: BACKEND_RESTARTED_MID_ARM: [9932, 14228, 16116, 18004, 19828, 20496, 20924, 21612, 22296, 23112, 25896, 25988] -> [7516, 9932, 14228, 19828, 20496, 20816, 20924, 21392, 21612, 23112, 25896, 25988]
  PROBLEM: BACKEND_RESTARTED_MID_ARM: [9932, 14228, 16116, 18004, 19828, 20496, 20924, 21612, 22296, 23112, 25896, 25988] -> [7516, 9932, 14228, 19828, 20496, 20816, 20924, 21392, 21612, 23112, 25896, 25988]
  PROBLEM: BACKEND_RESTARTED_MID_ARM: [9932, 14228, 16116, 18004, 19828, 20496, 20924, 21612, 22296, 23112, 25896, 25988] -> [7516, 9932, 14228, 19828, 20496, 20816, 20924, 21392, 21612, 23112, 25896, 25988]
  PROBLEM: BACKEND_RESTARTED_MID_ARM: [9932, 14228, 16116, 18004, 19828, 20496, 20924, 21612, 22296, 23112, 25896, 25988] -> [7516, 9932, 14228, 19828, 20496, 20816, 20924, 21392, 21612, 23112, 25896, 25988]
  PROBLEM: BACKEND_RESTARTED_MID_ARM: [9932, 14228, 16116, 18004, 19828, 20496, 20924, 21612, 22296, 23112, 25896, 25988] -> [7516, 9932, 14228, 19828, 20496, 20816, 20924, 21392, 21612, 23112, 25896, 25988]
  PROBLEM: BACKEND_RESTARTED_MID_ARM: [9932, 14228, 16116, 18004, 19828, 20496, 20924, 21612, 22296, 23112, 25896, 25988] -> [7516, 9932, 14228, 19828, 20496, 20816, 20924, 21392, 21612, 23112, 25896, 25988]
  PROBLEM: BACKEND_RESTARTED_MID_ARM: [9932, 14228, 16116, 18004, 19828, 20496, 20924, 21612, 22296, 23112, 25896, 25988] -> [7516, 9932, 14228, 19828, 20496, 20816, 20924, 21392, 21612, 23112, 25896, 25988]
  PROBLEM: BACKEND_RESTARTED_MID_ARM: [9932, 14228, 16116, 18004, 19828, 20496, 20924, 21612, 22296, 23112, 25896, 25988] -> [7516, 9932, 14228, 19828, 20496, 20816, 20924, 21392, 21612, 23112, 25896, 25988]
  PROBLEM: BACKEND_RESTARTED_MID_ARM: [9932, 14228, 16116, 18004, 19828, 20496, 20924, 21612, 22296, 23112, 25896, 25988] -> [7516, 9932, 14228, 19828, 20496, 20816, 20924, 21392, 21612, 23112, 25896, 25988]
  PROBLEM: BACKEND_RESTARTED_MID_ARM: [9932, 14228, 16116, 18004, 19828, 20496, 20924, 21612, 22296, 23112, 25896, 25988] -> [7516, 9932, 14228, 19828, 20496, 20816, 20924, 21392, 21612, 23112, 25896, 25988]
  PROBLEM: BACKEND_RESTARTED_MID_ARM: [9932, 14228, 16116, 18004, 19828, 20496, 20924, 21612, 22296, 23112, 25896, 25988] -> [7516, 9932, 14228, 19828, 20496, 20816, 20924, 21392, 21612, 23112, 25896, 25988]
  PROBLEM: BACKEND_RESTARTED_MID_ARM: [9932, 14228, 16116, 18004, 19828, 20496, 20924, 21612, 22296, 23112, 25896, 25988] -> [7516, 9932, 14228, 19828, 20496, 20816, 20924, 21392, 21612, 23112, 25896, 25988]
  PROBLEM: BACKEND_RESTARTED_MID_ARM: [9932, 14228, 16116, 18004, 19828, 20496, 20924, 21612, 22296, 23112, 25896, 25988] -> [9932, 14228, 16428, 19828, 20496, 20816, 20924, 21392, 21612, 23112, 25896, 25988]
  PROBLEM: BACKEND_RESTARTED_MID_ARM: [9932, 14228, 16116, 18004, 19828, 20496, 20924, 21612, 22296, 23112, 25896, 25988] -> [9932, 14228, 16428, 19828, 20496, 20816, 20924, 21392, 21612, 23112, 25896, 25988]
  PROBLEM: BACKEND_RESTARTED_MID_ARM: [9932, 14228, 16116, 18004, 19828, 20496, 20924, 21612, 22296, 23112, 25896, 25988] -> [9932, 14228, 16428, 19828, 20496, 20816, 20924, 21392, 21612, 23112, 25896, 25988]
  PROBLEM: BACKEND_RESTARTED_MID_ARM: [9932, 14228, 16116, 18004, 19828, 20496, 20924, 21612, 22296, 23112, 25896, 25988] -> [9932, 14228, 16428, 19828, 20496, 20816, 20924, 21392, 21612, 23112, 25896, 25988]
  PROBLEM: BACKEND_RESTARTED_MID_ARM: [9932, 14228, 16116, 18004, 19828, 20496, 20924, 21612, 22296, 23112, 25896, 25988] -> [9932, 14228, 16428, 19828, 20496, 20816, 20924, 21392, 21612, 23112, 25896, 25988]
  PROBLEM: BACKEND_RESTARTED_MID_ARM: [9932, 14228, 16116, 18004, 19828, 20496, 20924, 21612, 22296, 23112, 25896, 25988] -> [9932, 14228, 16428, 19828, 20496, 20816, 20924, 21392, 21612, 23112, 25896, 25988]
  PROBLEM: BACKEND_RESTARTED_MID_ARM: [9932, 14228, 16116, 18004, 19828, 20496, 20924, 21612, 22296, 23112, 25896, 25988] -> [9932, 14228, 16428, 19828, 20496, 20816, 20924, 21392, 21612, 23112, 25896, 25988]
  PROBLEM: BACKEND_RESTARTED_MID_ARM: [9932, 14228, 16116, 18004, 19828, 20496, 20924, 21612, 22296, 23112, 25896, 25988] -> [9932, 14228, 16428, 19828, 20496, 20816, 20924, 21392, 21612, 23112, 25896, 25988]
  PROBLEM: BACKEND_RESTARTED_MID_ARM: [9932, 14228, 16116, 18004, 19828, 20496, 20924, 21612, 22296, 23112, 25896, 25988] -> [9932, 14228, 16428, 19828, 20496, 20816, 20924, 21392, 21612, 23112, 25896, 25988]
  PROBLEM: BACKEND_RESTARTED_MID_ARM: [9932, 14228, 16116, 18004, 19828, 20496, 20924, 21612, 22296, 23112, 25896, 25988] -> [9932, 14228, 16428, 19828, 20496, 20816, 20924, 21392, 21612, 23112, 25896, 25988]
  PROBLEM: BACKEND_RESTARTED_MID_ARM: [9932, 14228, 16116, 18004, 19828, 20496, 20924, 21612, 22296, 23112, 25896, 25988] -> [9932, 14228, 16428, 19828, 20496, 20816, 20924, 21392, 21612, 23112, 25896, 25988]
  PROBLEM: BACKEND_RESTARTED_MID_ARM: [9932, 14228, 16116, 18004, 19828, 20496, 20924, 21612, 22296, 23112, 25896, 25988] -> [9932, 14228, 16428, 19828, 20496, 20816, 20924, 21392, 21612, 23112, 25896, 25988]
  PROBLEM: BACKEND_RESTARTED_MID_ARM: [9932, 14228, 16116, 18004, 19828, 20496, 20924, 21612, 22296, 23112, 25896, 25988] -> [9932, 14228, 16428, 19828, 20496, 20816, 20924, 21392, 21612, 23112, 25896, 25988]
  PROBLEM: BACKEND_RESTARTED_MID_ARM: [9932, 14228, 16116, 18004, 19828, 20496, 20924, 21612, 22296, 23112, 25896, 25988] -> [9932, 14228, 16428, 19828, 20496, 20816, 20924, 21392, 21612, 23112, 25896, 25988]
  PROBLEM: BACKEND_RESTARTED_MID_ARM: [9932, 14228, 16116, 18004, 19828, 20496, 20924, 21612, 22296, 23112, 25896, 25988] -> [9932, 11504, 14228, 16428, 19828, 20496, 20924, 21392, 21612, 23112, 25896, 25988]
  PROBLEM: BACKEND_RESTARTED_MID_ARM: [9932, 14228, 16116, 18004, 19828, 20496, 20924, 21612, 22296, 23112, 25896, 25988] -> [9932, 11504, 14228, 16428, 19828, 20496, 20924, 21392, 21612, 23112, 25896, 25988]
  PROBLEM: BACKEND_RESTARTED_MID_ARM: [9932, 14228, 16116, 18004, 19828, 20496, 20924, 21612, 22296, 23112, 25896, 25988] -> [9932, 11504, 14228, 16428, 19828, 20496, 20924, 21392, 21612, 23112, 25896, 25988]
  PROBLEM: BACKEND_RESTARTED_MID_ARM: [9932, 14228, 16116, 18004, 19828, 20496, 20924, 21612, 22296, 23112, 25896, 25988] -> [9932, 11504, 14228, 16428, 19828, 20496, 20924, 21392, 21612, 23112, 25896, 25988]
  PROBLEM: BACKEND_RESTARTED_MID_ARM: [9932, 14228, 16116, 18004, 19828, 20496, 20924, 21612, 22296, 23112, 25896, 25988] -> [9932, 11504, 14228, 16428, 19828, 20496, 20924, 21392, 21612, 23112, 25896, 25988]
  PROBLEM: BACKEND_RESTARTED_MID_ARM: [9932, 14228, 16116, 18004, 19828, 20496, 20924, 21612, 22296, 23112, 25896, 25988] -> [9932, 11504, 14228, 16428, 19828, 20496, 20924, 21392, 21612, 23112, 25896, 25988]
  PROBLEM: BACKEND_RESTARTED_MID_ARM: [9932, 14228, 16116, 18004, 19828, 20496, 20924, 21612, 22296, 23112, 25896, 25988] -> [9932, 11504, 14228, 16428, 19828, 20496, 20924, 21392, 21612, 23112, 25896, 25988]
  PROBLEM: BACKEND_RESTARTED_MID_ARM: [9932, 14228, 16116, 18004, 19828, 20496, 20924, 21612, 22296, 23112, 25896, 25988] -> [9932, 11504, 14228, 16428, 19828, 20496, 20924, 21392, 21612, 23112, 25896, 25988]
  PROBLEM: BACKEND_RESTARTED_MID_ARM: [9932, 14228, 16116, 18004, 19828, 20496, 20924, 21612, 22296, 23112, 25896, 25988] -> [9932, 11504, 14228, 16428, 19828, 20496, 20924, 21392, 21612, 23112, 25896, 25988]
  PROBLEM: BACKEND_RESTARTED_MID_ARM: [9932, 14228, 16116, 18004, 19828, 20496, 20924, 21612, 22296, 23112, 25896, 25988] -> [9932, 11504, 14228, 16428, 19828, 20496, 20924, 21392, 21612, 23112, 25896, 25988]
  PROBLEM: BACKEND_RESTARTED_MID_ARM: [9932, 14228, 16116, 18004, 19828, 20496, 20924, 21612, 22296, 23112, 25896, 25988] -> [9932, 11504, 14228, 16428, 19828, 20496, 20924, 21392, 21612, 23112, 25896, 25988]
  PROBLEM: BACKEND_RESTARTED_MID_ARM: [9932, 14228, 16116, 18004, 19828, 20496, 20924, 21612, 22296, 23112, 25896, 25988] -> [9932, 11504, 14228, 16428, 19828, 20496, 20924, 21392, 21612, 23112, 25896, 25988]
  PROBLEM: BACKEND_RESTARTED_MID_ARM: [9932, 14228, 16116, 18004, 19828, 20496, 20924, 21612, 22296, 23112, 25896, 25988] -> [9932, 11504, 14228, 16428, 19828, 20496, 20924, 21392, 21612, 23112, 25896, 25988]
  PROBLEM: BACKEND_RESTARTED_MID_ARM: [9932, 14228, 16116, 18004, 19828, 20496, 20924, 21612, 22296, 23112, 25896, 25988] -> [9932, 11504, 14228, 16428, 19828, 20496, 20924, 21392, 21612, 23112, 25896, 25988]
  PROBLEM: BACKEND_RESTARTED_MID_ARM: [9932, 14228, 16116, 18004, 19828, 20496, 20924, 21612, 22296, 23112, 25896, 25988] -> [9932, 11504, 14228, 16428, 19828, 20496, 20924, 21392, 21612, 23112, 25896, 25988]
  PROBLEM: BACKEND_RESTARTED_MID_ARM: [9932, 14228, 16116, 18004, 19828, 20496, 20924, 21612, 22296, 23112, 25896, 25988] -> [9932, 11504, 14228, 16428, 19828, 20496, 20924, 21612, 22856, 23112, 25896, 25988]
  PROBLEM: BACKEND_RESTARTED_MID_ARM: [9932, 14228, 16116, 18004, 19828, 20496, 20924, 21612, 22296, 23112, 25896, 25988] -> [9932, 11504, 14228, 16428, 19828, 20496, 20924, 21612, 22856, 23112, 25896, 25988]
  PROBLEM: BACKEND_RESTARTED_MID_ARM: [9932, 14228, 16116, 18004, 19828, 20496, 20924, 21612, 22296, 23112, 25896, 25988] -> [9932, 11504, 14228, 16428, 19828, 20496, 20924, 21612, 22856, 23112, 25896, 25988]
  PROBLEM: BACKEND_RESTARTED_MID_ARM: [9932, 14228, 16116, 18004, 19828, 20496, 20924, 21612, 22296, 23112, 25896, 25988] -> [9932, 11504, 14228, 16428, 19828, 20496, 20924, 21612, 22856, 23112, 25896, 25988]
  PROBLEM: BACKEND_RESTARTED_MID_ARM: [9932, 14228, 16116, 18004, 19828, 20496, 20924, 21612, 22296, 23112, 25896, 25988] -> [9932, 11504, 14228, 16428, 19828, 20496, 20924, 21612, 22856, 23112, 25896, 25988]
  PROBLEM: BACKEND_RESTARTED_MID_ARM: [9932, 14228, 16116, 18004, 19828, 20496, 20924, 21612, 22296, 23112, 25896, 25988] -> [9932, 11504, 14228, 16428, 19828, 20496, 20924, 21612, 22856, 23112, 25896, 25988]
  PROBLEM: BACKEND_RESTARTED_MID_ARM: [9932, 14228, 16116, 18004, 19828, 20496, 20924, 21612, 22296, 23112, 25896, 25988] -> [9932, 11504, 14228, 16428, 19828, 20496, 20924, 21612, 22856, 23112, 25896, 25988]
  PROBLEM: BACKEND_RESTARTED_MID_ARM: [9932, 14228, 16116, 18004, 19828, 20496, 20924, 21612, 22296, 23112, 25896, 25988] -> [9932, 11504, 14228, 16428, 19828, 20496, 20924, 21612, 22856, 23112, 25896, 25988]
  PROBLEM: BACKEND_RESTARTED_MID_ARM: [9932, 14228, 16116, 18004, 19828, 20496, 20924, 21612, 22296, 23112, 25896, 25988] -> [9932, 11504, 14228, 16428, 19828, 20496, 20924, 21612, 22856, 23112, 25896, 25988]
  PROBLEM: BACKEND_RESTARTED_MID_ARM: [9932, 14228, 16116, 18004, 19828, 20496, 20924, 21612, 22296, 23112, 25896, 25988] -> [9932, 11504, 14228, 16428, 19828, 20496, 20924, 21612, 22856, 23112, 25896, 25988]
  PROBLEM: BACKEND_RESTARTED_MID_ARM: [9932, 14228, 16116, 18004, 19828, 20496, 20924, 21612, 22296, 23112, 25896, 25988] -> [9932, 11504, 14228, 16428, 19828, 20496, 20924, 21612, 22856, 23112, 25896, 25988]
  PROBLEM: BACKEND_RESTARTED_MID_ARM: [9932, 14228, 16116, 18004, 19828, 20496, 20924, 21612, 22296, 23112, 25896, 25988] -> [9932, 11504, 14228, 16428, 19828, 20496, 20924, 21612, 22856, 23112, 25896, 25988]
  PROBLEM: BACKEND_RESTARTED_MID_ARM: [9932, 14228, 16116, 18004, 19828, 20496, 20924, 21612, 22296, 23112, 25896, 25988] -> [9932, 11504, 14228, 16428, 19828, 20496, 20924, 21612, 22856, 23112, 25896, 25988]
  PROBLEM: BACKEND_RESTARTED_MID_ARM: [9932, 14228, 16116, 18004, 19828, 20496, 20924, 21612, 22296, 23112, 25896, 25988] -> [9932, 11504, 14228, 16428, 19828, 20496, 20924, 21612, 22856, 23112, 25896, 25988]
  PROBLEM: BACKEND_RESTARTED_MID_ARM: [9932, 14228, 16116, 18004, 19828, 20496, 20924, 21612, 22296, 23112, 25896, 25988] -> [9932, 11504, 14228, 16428, 19828, 20496, 20924, 21612, 22856, 23112, 25896, 25988]
  PROBLEM: BACKEND_RESTARTED_MID_ARM: [9932, 14228, 16116, 18004, 19828, 20496, 20924, 21612, 22296, 23112, 25896, 25988] -> [9932, 11504, 14228, 19828, 20496, 20924, 21612, 22856, 23112, 25088, 25896, 25988]
  PROBLEM: BACKEND_RESTARTED_MID_ARM: [9932, 14228, 16116, 18004, 19828, 20496, 20924, 21612, 22296, 23112, 25896, 25988] -> [9932, 11504, 14228, 19828, 20496, 20924, 21612, 22856, 23112, 25088, 25896, 25988]
  PROBLEM: BACKEND_RESTARTED_MID_ARM: [9932, 14228, 16116, 18004, 19828, 20496, 20924, 21612, 22296, 23112, 25896, 25988] -> [9932, 11504, 14228, 19828, 20496, 20924, 21612, 22856, 23112, 25088, 25896, 25988]
  PROBLEM: BACKEND_RESTARTED_MID_ARM: [9932, 14228, 16116, 18004, 19828, 20496, 20924, 21612, 22296, 23112, 25896, 25988] -> [9932, 11504, 14228, 19828, 20496, 20924, 21612, 22856, 23112, 25088, 25896, 25988]
  PROBLEM: BACKEND_RESTARTED_MID_ARM: [9932, 14228, 16116, 18004, 19828, 20496, 20924, 21612, 22296, 23112, 25896, 25988] -> [9932, 11504, 14228, 19828, 20496, 20924, 21612, 22856, 23112, 25088, 25896, 25988]
  PROBLEM: BACKEND_RESTARTED_MID_ARM: [9932, 14228, 16116, 18004, 19828, 20496, 20924, 21612, 22296, 23112, 25896, 25988] -> [9932, 11504, 14228, 19828, 20496, 20924, 21612, 22856, 23112, 25088, 25896, 25988]
  PROBLEM: BACKEND_RESTARTED_MID_ARM: [9932, 14228, 16116, 18004, 19828, 20496, 20924, 21612, 22296, 23112, 25896, 25988] -> [9932, 11504, 14228, 19828, 20496, 20924, 21612, 22856, 23112, 25088, 25896, 25988]
  PROBLEM: BACKEND_RESTARTED_MID_ARM: [9932, 14228, 16116, 18004, 19828, 20496, 20924, 21612, 22296, 23112, 25896, 25988] -> [9932, 11504, 14228, 19828, 20496, 20924, 21612, 22856, 23112, 25088, 25896, 25988]
  PROBLEM: BACKEND_RESTARTED_MID_ARM: [9932, 14228, 16116, 18004, 19828, 20496, 20924, 21612, 22296, 23112, 25896, 25988] -> [9932, 11504, 14228, 19828, 20496, 20924, 21612, 22856, 23112, 25088, 25896, 25988]
  PROBLEM: BACKEND_RESTARTED_MID_ARM: [9932, 14228, 16116, 18004, 19828, 20496, 20924, 21612, 22296, 23112, 25896, 25988] -> [9932, 11504, 14228, 19828, 20496, 20924, 21612, 22856, 23112, 25088, 25896, 25988]
  PROBLEM: BACKEND_RESTARTED_MID_ARM: [9932, 14228, 16116, 18004, 19828, 20496, 20924, 21612, 22296, 23112, 25896, 25988] -> [9932, 11504, 14228, 19828, 20496, 20924, 21612, 22856, 23112, 25088, 25896, 25988]
  PROBLEM: BACKEND_RESTARTED_MID_ARM: [9932, 14228, 16116, 18004, 19828, 20496, 20924, 21612, 22296, 23112, 25896, 25988] -> [9932, 11504, 14228, 19828, 20496, 20924, 21612, 22856, 23112, 25088, 25896, 25988]
  PROBLEM: BACKEND_RESTARTED_MID_ARM: [9932, 14228, 16116, 18004, 19828, 20496, 20924, 21612, 22296, 23112, 25896, 25988] -> [9932, 11504, 14228, 19828, 20496, 20924, 21612, 22856, 23112, 25088, 25896, 25988]
  PROBLEM: BACKEND_RESTARTED_MID_ARM: [9932, 14228, 16116, 18004, 19828, 20496, 20924, 21612, 22296, 23112, 25896, 25988] -> [9932, 11504, 14228, 19828, 20496, 20924, 21612, 22856, 23112, 25088, 25896, 25988]
  PROBLEM: BACKEND_RESTARTED_MID_ARM: [9932, 14228, 16116, 18004, 19828, 20496, 20924, 21612, 22296, 23112, 25896, 25988] -> [8040, 9932, 14228, 19828, 20496, 20924, 21612, 22856, 23112, 25088, 25896, 25988]
  PROBLEM: BACKEND_RESTARTED_MID_ARM: [9932, 14228, 16116, 18004, 19828, 20496, 20924, 21612, 22296, 23112, 25896, 25988] -> [8040, 9932, 14228, 19828, 20496, 20924, 21612, 22856, 23112, 25088, 25896, 25988]
  PROBLEM: BACKEND_RESTARTED_MID_ARM: [9932, 14228, 16116, 18004, 19828, 20496, 20924, 21612, 22296, 23112, 25896, 25988] -> [8040, 9932, 14228, 19828, 20496, 20924, 21612, 22856, 23112, 25088, 25896, 25988]
  PROBLEM: BACKEND_RESTARTED_MID_ARM: [9932, 14228, 16116, 18004, 19828, 20496, 20924, 21612, 22296, 23112, 25896, 25988] -> [8040, 9932, 14228, 19828, 20496, 20924, 21612, 22856, 23112, 25088, 25896, 25988]
  PROBLEM: BACKEND_RESTARTED_MID_ARM: [9932, 14228, 16116, 18004, 19828, 20496, 20924, 21612, 22296, 23112, 25896, 25988] -> [8040, 9932, 14228, 19828, 20496, 20924, 21612, 22856, 23112, 25088, 25896, 25988]
  PROBLEM: BACKEND_RESTARTED_MID_ARM: [9932, 14228, 16116, 18004, 19828, 20496, 20924, 21612, 22296, 23112, 25896, 25988] -> [8040, 9932, 14228, 19828, 20496, 20924, 21612, 22856, 23112, 25088, 25896, 25988]
  PROBLEM: BACKEND_RESTARTED_MID_ARM: [9932, 14228, 16116, 18004, 19828, 20496, 20924, 21612, 22296, 23112, 25896, 25988] -> [8040, 9932, 14228, 19828, 20496, 20924, 21612, 22856, 23112, 25088, 25896, 25988]
  PROBLEM: BACKEND_RESTARTED_MID_ARM: [9932, 14228, 16116, 18004, 19828, 20496, 20924, 21612, 22296, 23112, 25896, 25988] -> [8040, 9932, 14228, 19828, 20496, 20924, 21612, 22856, 23112, 25088, 25896, 25988]
  PROBLEM: BACKEND_RESTARTED_MID_ARM: [9932, 14228, 16116, 18004, 19828, 20496, 20924, 21612, 22296, 23112, 25896, 25988] -> [8040, 9932, 14228, 19828, 20496, 20924, 21612, 22856, 23112, 25088, 25896, 25988]
  PROBLEM: BACKEND_RESTARTED_MID_ARM: [9932, 14228, 16116, 18004, 19828, 20496, 20924, 21612, 22296, 23112, 25896, 25988] -> [8040, 9932, 14228, 19828, 20496, 20924, 21612, 22856, 23112, 25088, 25896, 25988]
  PROBLEM: BACKEND_RESTARTED_MID_ARM: [9932, 14228, 16116, 18004, 19828, 20496, 20924, 21612, 22296, 23112, 25896, 25988] -> [8040, 9932, 14228, 19828, 20496, 20924, 21612, 22856, 23112, 25088, 25896, 25988]
  PROBLEM: BACKEND_RESTARTED_MID_ARM: [9932, 14228, 16116, 18004, 19828, 20496, 20924, 21612, 22296, 23112, 25896, 25988] -> [8040, 9932, 14228, 19828, 20496, 20924, 21612, 22856, 23112, 25088, 25896, 25988]
  PROBLEM: BACKEND_RESTARTED_MID_ARM: [9932, 14228, 16116, 18004, 19828, 20496, 20924, 21612, 22296, 23112, 25896, 25988] -> [8040, 9932, 14228, 19828, 20496, 20924, 21612, 22856, 23112, 25088, 25896, 25988]
  PROBLEM: BACKEND_RESTARTED_MID_ARM: [9932, 14228, 16116, 18004, 19828, 20496, 20924, 21612, 22296, 23112, 25896, 25988] -> [8040, 9932, 14228, 19828, 20496, 20924, 21612, 22856, 23112, 25088, 25896, 25988]
  PROBLEM: BACKEND_RESTARTED_MID_ARM: [9932, 14228, 16116, 18004, 19828, 20496, 20924, 21612, 22296, 23112, 25896, 25988] -> [8040, 9932, 14228, 19828, 20496, 20924, 21612, 23112, 25088, 25628, 25896, 25988]
  PROBLEM: BACKEND_RESTARTED_MID_ARM: [9932, 14228, 16116, 18004, 19828, 20496, 20924, 21612, 22296, 23112, 25896, 25988] -> [8040, 9932, 14228, 19828, 20496, 20924, 21612, 23112, 25088, 25628, 25896, 25988]
  PROBLEM: BACKEND_RESTARTED_MID_ARM: [9932, 14228, 16116, 18004, 19828, 20496, 20924, 21612, 22296, 23112, 25896, 25988] -> [8040, 9932, 14228, 19828, 20496, 20924, 21612, 23112, 25088, 25628, 25896, 25988]
  PROBLEM: BACKEND_RESTARTED_MID_ARM: [9932, 14228, 16116, 18004, 19828, 20496, 20924, 21612, 22296, 23112, 25896, 25988] -> [8040, 9932, 14228, 19828, 20496, 20924, 21612, 23112, 25088, 25628, 25896, 25988]
  PROBLEM: BACKEND_RESTARTED_MID_ARM: [9932, 14228, 16116, 18004, 19828, 20496, 20924, 21612, 22296, 23112, 25896, 25988] -> [8040, 9932, 14228, 19828, 20496, 20924, 21612, 23112, 25088, 25628, 25896, 25988]
  PROBLEM: BACKEND_RESTARTED_MID_ARM: [9932, 14228, 16116, 18004, 19828, 20496, 20924, 21612, 22296, 23112, 25896, 25988] -> [8040, 9932, 14228, 19828, 20496, 20924, 21612, 23112, 25088, 25628, 25896, 25988]
  PROBLEM: BACKEND_RESTARTED_MID_ARM: [9932, 14228, 16116, 18004, 19828, 20496, 20924, 21612, 22296, 23112, 25896, 25988] -> [8040, 9932, 14228, 19828, 20496, 20924, 21612, 23112, 25088, 25628, 25896, 25988]
  PROBLEM: BACKEND_RESTARTED_MID_ARM: [9932, 14228, 16116, 18004, 19828, 20496, 20924, 21612, 22296, 23112, 25896, 25988] -> [8040, 9932, 14228, 19828, 20496, 20924, 21612, 23112, 25088, 25628, 25896, 25988]
  PROBLEM: BACKEND_RESTARTED_MID_ARM: [9932, 14228, 16116, 18004, 19828, 20496, 20924, 21612, 22296, 23112, 25896, 25988] -> [8040, 9932, 14228, 19828, 20496, 20924, 21612, 23112, 25088, 25628, 25896, 25988]
  PROBLEM: BACKEND_RESTARTED_MID_ARM: [9932, 14228, 16116, 18004, 19828, 20496, 20924, 21612, 22296, 23112, 25896, 25988] -> [8040, 9932, 14228, 19828, 20496, 20924, 21612, 23112, 25088, 25628, 25896, 25988]
  PROBLEM: BACKEND_RESTARTED_MID_ARM: [9932, 14228, 16116, 18004, 19828, 20496, 20924, 21612, 22296, 23112, 25896, 25988] -> [8040, 9932, 14228, 19828, 20496, 20924, 21612, 23112, 25088, 25628, 25896, 25988]
  PROBLEM: BACKEND_RESTARTED_MID_ARM: [9932, 14228, 16116, 18004, 19828, 20496, 20924, 21612, 22296, 23112, 25896, 25988] -> [8040, 9932, 14228, 19828, 20496, 20924, 21612, 23112, 25088, 25628, 25896, 25988]
  PROBLEM: BACKEND_RESTARTED_MID_ARM: [9932, 14228, 16116, 18004, 19828, 20496, 20924, 21612, 22296, 23112, 25896, 25988] -> [8040, 9932, 14228, 19828, 20496, 20924, 21612, 23112, 25088, 25628, 25896, 25988]
  PROBLEM: BACKEND_RESTARTED_MID_ARM: [9932, 14228, 16116, 18004, 19828, 20496, 20924, 21612, 22296, 23112, 25896, 25988] -> [8040, 9932, 14228, 19828, 20496, 20924, 21612, 23112, 25088, 25628, 25896, 25988]
  PROBLEM: BACKEND_RESTARTED_MID_ARM: [9932, 14228, 16116, 18004, 19828, 20496, 20924, 21612, 22296, 23112, 25896, 25988] -> [8040, 9932, 14228, 19828, 20496, 20924, 21612, 23112, 25088, 25628, 25896, 25988]
  PROBLEM: BACKEND_RESTARTED_MID_ARM: [9932, 14228, 16116, 18004, 19828, 20496, 20924, 21612, 22296, 23112, 25896, 25988] -> [8040, 9932, 14228, 19828, 20496, 20924, 21612, 23112, 25628, 25896, 25988, 26864]
  PROBLEM: BACKEND_RESTARTED_MID_ARM: [9932, 14228, 16116, 18004, 19828, 20496, 20924, 21612, 22296, 23112, 25896, 25988] -> [8040, 9932, 14228, 19828, 20496, 20924, 21612, 23112, 25628, 25896, 25988, 26864]
  PROBLEM: BACKEND_RESTARTED_MID_ARM: [9932, 14228, 16116, 18004, 19828, 20496, 20924, 21612, 22296, 23112, 25896, 25988] -> [8040, 9932, 14228, 19828, 20496, 20924, 21612, 23112, 25628, 25896, 25988, 26864]
  PROBLEM: BACKEND_RESTARTED_MID_ARM: [9932, 14228, 16116, 18004, 19828, 20496, 20924, 21612, 22296, 23112, 25896, 25988] -> [8040, 9932, 14228, 19828, 20496, 20924, 21612, 23112, 25628, 25896, 25988, 26864]
  PROBLEM: BACKEND_RESTARTED_MID_ARM: [9932, 14228, 16116, 18004, 19828, 20496, 20924, 21612, 22296, 23112, 25896, 25988] -> [8040, 9932, 14228, 19828, 20496, 20924, 21612, 23112, 25628, 25896, 25988, 26864]
  PROBLEM: BACKEND_RESTARTED_MID_ARM: [9932, 14228, 16116, 18004, 19828, 20496, 20924, 21612, 22296, 23112, 25896, 25988] -> [8040, 9932, 14228, 19828, 20496, 20924, 21612, 23112, 25628, 25896, 25988, 26864]
  PROBLEM: BACKEND_RESTARTED_MID_ARM: [9932, 14228, 16116, 18004, 19828, 20496, 20924, 21612, 22296, 23112, 25896, 25988] -> [8040, 9932, 14228, 19828, 20496, 20924, 21612, 23112, 25628, 25896, 25988, 26864]
  PROBLEM: BACKEND_RESTARTED_MID_ARM: [9932, 14228, 16116, 18004, 19828, 20496, 20924, 21612, 22296, 23112, 25896, 25988] -> [8040, 9932, 14228, 19828, 20496, 20924, 21612, 23112, 25628, 25896, 25988, 26864]
  PROBLEM: BACKEND_RESTARTED_MID_ARM: [9932, 14228, 16116, 18004, 19828, 20496, 20924, 21612, 22296, 23112, 25896, 25988] -> [8040, 9932, 14228, 19828, 20496, 20924, 21612, 23112, 25628, 25896, 25988, 26864]
  PROBLEM: BACKEND_RESTARTED_MID_ARM: [9932, 14228, 16116, 18004, 19828, 20496, 20924, 21612, 22296, 23112, 25896, 25988] -> [8040, 9932, 14228, 19828, 20496, 20924, 21612, 23112, 25628, 25896, 25988, 26864]
  PROBLEM: BACKEND_RESTARTED_MID_ARM: [9932, 14228, 16116, 18004, 19828, 20496, 20924, 21612, 22296, 23112, 25896, 25988] -> [8040, 9932, 14228, 19828, 20496, 20924, 21612, 23112, 25628, 25896, 25988, 26864]
  PROBLEM: BACKEND_RESTARTED_MID_ARM: [9932, 14228, 16116, 18004, 19828, 20496, 20924, 21612, 22296, 23112, 25896, 25988] -> [8040, 9932, 14228, 19828, 20496, 20924, 21612, 23112, 25628, 25896, 25988, 26864]
  PROBLEM: BACKEND_RESTARTED_MID_ARM: [9932, 14228, 16116, 18004, 19828, 20496, 20924, 21612, 22296, 23112, 25896, 25988] -> [8040, 9932, 14228, 19828, 20496, 20924, 21612, 23112, 25628, 25896, 25988, 26864]
  PROBLEM: BACKEND_RESTARTED_MID_ARM: [9932, 14228, 16116, 18004, 19828, 20496, 20924, 21612, 22296, 23112, 25896, 25988] -> [8040, 9932, 14228, 19828, 20496, 20924, 21612, 23112, 25628, 25896, 25988, 26864]
  PROBLEM: BACKEND_RESTARTED_MID_ARM: [9932, 14228, 16116, 18004, 19828, 20496, 20924, 21612, 22296, 23112, 25896, 25988] -> [8040, 9932, 14228, 19828, 20496, 20924, 21612, 23112, 25628, 25896, 25988, 26864]
  PROBLEM: BACKEND_RESTARTED_MID_ARM: [9932, 14228, 16116, 18004, 19828, 20496, 20924, 21612, 22296, 23112, 25896, 25988] -> [9932, 14228, 19828, 20496, 20924, 21408, 21612, 23112, 25628, 25896, 25988, 26864]
  PROBLEM: BACKEND_RESTARTED_MID_ARM: [9932, 14228, 16116, 18004, 19828, 20496, 20924, 21612, 22296, 23112, 25896, 25988] -> [9932, 14228, 19828, 20496, 20924, 21408, 21612, 23112, 25628, 25896, 25988, 26864]
  PROBLEM: BACKEND_RESTARTED_MID_ARM: [9932, 14228, 16116, 18004, 19828, 20496, 20924, 21612, 22296, 23112, 25896, 25988] -> [9932, 14228, 19828, 20496, 20924, 21408, 21612, 23112, 25628, 25896, 25988, 26864]
  PROBLEM: BACKEND_RESTARTED_MID_ARM: [9932, 14228, 16116, 18004, 19828, 20496, 20924, 21612, 22296, 23112, 25896, 25988] -> [9932, 14228, 19828, 20496, 20924, 21408, 21612, 23112, 25628, 25896, 25988, 26864]
  PROBLEM: BACKEND_RESTARTED_MID_ARM: [9932, 14228, 16116, 18004, 19828, 20496, 20924, 21612, 22296, 23112, 25896, 25988] -> [9932, 14228, 19828, 20496, 20924, 21408, 21612, 23112, 25628, 25896, 25988, 26864]
  PROBLEM: BACKEND_RESTARTED_MID_ARM: [9932, 14228, 16116, 18004, 19828, 20496, 20924, 21612, 22296, 23112, 25896, 25988] -> [9932, 14228, 19828, 20496, 20924, 21408, 21612, 23112, 25628, 25896, 25988, 26864]
  PROBLEM: BACKEND_RESTARTED_MID_ARM: [9932, 14228, 16116, 18004, 19828, 20496, 20924, 21612, 22296, 23112, 25896, 25988] -> [9932, 14228, 19828, 20496, 20924, 21408, 21612, 23112, 25628, 25896, 25988, 26864]
  PROBLEM: BACKEND_RESTARTED_MID_ARM: [9932, 14228, 16116, 18004, 19828, 20496, 20924, 21612, 22296, 23112, 25896, 25988] -> [9932, 14228, 19828, 20496, 20924, 21408, 21612, 23112, 25628, 25896, 25988, 26864]
  PROBLEM: BACKEND_RESTARTED_MID_ARM: [9932, 14228, 16116, 18004, 19828, 20496, 20924, 21612, 22296, 23112, 25896, 25988] -> [9932, 14228, 19828, 20496, 20924, 21408, 21612, 23112, 25628, 25896, 25988, 26864]
  PROBLEM: BACKEND_RESTARTED_MID_ARM: [9932, 14228, 16116, 18004, 19828, 20496, 20924, 21612, 22296, 23112, 25896, 25988] -> [9932, 14228, 19828, 20496, 20924, 21408, 21612, 23112, 25628, 25896, 25988, 26864]
  PROBLEM: BACKEND_RESTARTED_MID_ARM: [9932, 14228, 16116, 18004, 19828, 20496, 20924, 21612, 22296, 23112, 25896, 25988] -> [9932, 14228, 19828, 20496, 20924, 21408, 21612, 23112, 25628, 25896, 25988, 26864]
  PROBLEM: BACKEND_RESTARTED_MID_ARM: [9932, 14228, 16116, 18004, 19828, 20496, 20924, 21612, 22296, 23112, 25896, 25988] -> [9932, 14228, 19828, 20496, 20924, 21408, 21612, 23112, 25628, 25896, 25988, 26864]
  PROBLEM: BACKEND_RESTARTED_MID_ARM: [9932, 14228, 16116, 18004, 19828, 20496, 20924, 21612, 22296, 23112, 25896, 25988] -> [9932, 14228, 19828, 20496, 20924, 21408, 21612, 23112, 25628, 25896, 25988, 26864]
  PROBLEM: BACKEND_RESTARTED_MID_ARM: [9932, 14228, 16116, 18004, 19828, 20496, 20924, 21612, 22296, 23112, 25896, 25988] -> [9932, 14228, 19828, 20496, 20924, 21408, 21612, 23112, 25628, 25896, 25988, 26864]
  PROBLEM: BACKEND_RESTARTED_MID_ARM: [9932, 14228, 16116, 18004, 19828, 20496, 20924, 21612, 22296, 23112, 25896, 25988] -> [9932, 14228, 19828, 20496, 20924, 21408, 21612, 23112, 25628, 25896, 25988, 26864]
  PROBLEM: BACKEND_RESTARTED_MID_ARM: [9932, 14228, 16116, 18004, 19828, 20496, 20924, 21612, 22296, 23112, 25896, 25988] -> [9932, 14228, 19828, 20496, 20924, 21408, 21612, 23036, 23112, 25896, 25988, 26864]
  PROBLEM: BACKEND_RESTARTED_MID_ARM: [9932, 14228, 16116, 18004, 19828, 20496, 20924, 21612, 22296, 23112, 25896, 25988] -> [9932, 14228, 19828, 20496, 20924, 21408, 21612, 23036, 23112, 25896, 25988, 26864]
  PROBLEM: BACKEND_RESTARTED_MID_ARM: [9932, 14228, 16116, 18004, 19828, 20496, 20924, 21612, 22296, 23112, 25896, 25988] -> [9932, 14228, 19828, 20496, 20924, 21408, 21612, 23036, 23112, 25896, 25988, 26864]
  PROBLEM: BACKEND_RESTARTED_MID_ARM: [9932, 14228, 16116, 18004, 19828, 20496, 20924, 21612, 22296, 23112, 25896, 25988] -> [9932, 14228, 19828, 20496, 20924, 21408, 21612, 23036, 23112, 25896, 25988, 26864]
  PROBLEM: BACKEND_RESTARTED_MID_ARM: [9932, 14228, 16116, 18004, 19828, 20496, 20924, 21612, 22296, 23112, 25896, 25988] -> [9932, 14228, 19828, 20496, 20924, 21408, 21612, 23036, 23112, 25896, 25988, 26864]
  PROBLEM: BACKEND_RESTARTED_MID_ARM: [9932, 14228, 16116, 18004, 19828, 20496, 20924, 21612, 22296, 23112, 25896, 25988] -> [9932, 14228, 19828, 20496, 20924, 21408, 21612, 23036, 23112, 25896, 25988, 26864]
  PROBLEM: BACKEND_RESTARTED_MID_ARM: [9932, 14228, 16116, 18004, 19828, 20496, 20924, 21612, 22296, 23112, 25896, 25988] -> [9932, 14228, 19828, 20496, 20924, 21408, 21612, 23036, 23112, 25896, 25988, 26864]
  PROBLEM: BACKEND_RESTARTED_MID_ARM: [9932, 14228, 16116, 18004, 19828, 20496, 20924, 21612, 22296, 23112, 25896, 25988] -> [9932, 14228, 19828, 20496, 20924, 21408, 21612, 23036, 23112, 25896, 25988, 26864]
  PROBLEM: BACKEND_RESTARTED_MID_ARM: [9932, 14228, 16116, 18004, 19828, 20496, 20924, 21612, 22296, 23112, 25896, 25988] -> [9932, 14228, 19828, 20496, 20924, 21408, 21612, 23036, 23112, 25896, 25988, 26864]
  PROBLEM: BACKEND_RESTARTED_MID_ARM: [9932, 14228, 16116, 18004, 19828, 20496, 20924, 21612, 22296, 23112, 25896, 25988] -> [9932, 14228, 19828, 20496, 20924, 21408, 21612, 23036, 23112, 25896, 25988, 26864]
  PROBLEM: BACKEND_RESTARTED_MID_ARM: [9932, 14228, 16116, 18004, 19828, 20496, 20924, 21612, 22296, 23112, 25896, 25988] -> [9932, 14228, 19828, 20496, 20924, 21408, 21612, 23036, 23112, 25896, 25988, 26864]
  PROBLEM: BACKEND_RESTARTED_MID_ARM: [9932, 14228, 16116, 18004, 19828, 20496, 20924, 21612, 22296, 23112, 25896, 25988] -> [9932, 14228, 19828, 20496, 20924, 21408, 21612, 23036, 23112, 25896, 25988, 26864]
  PROBLEM: BACKEND_RESTARTED_MID_ARM: [9932, 14228, 16116, 18004, 19828, 20496, 20924, 21612, 22296, 23112, 25896, 25988] -> [9932, 14228, 19828, 20496, 20924, 21408, 21612, 23036, 23112, 25896, 25988, 26864]
  PROBLEM: BACKEND_RESTARTED_MID_ARM: [9932, 14228, 16116, 18004, 19828, 20496, 20924, 21612, 22296, 23112, 25896, 25988] -> [9932, 14228, 19828, 20496, 20924, 21408, 21612, 23036, 23112, 25896, 25988, 26864]
  PROBLEM: BACKEND_RESTARTED_MID_ARM: [9932, 14228, 16116, 18004, 19828, 20496, 20924, 21612, 22296, 23112, 25896, 25988] -> [9932, 14228, 19828, 20496, 20924, 21408, 21612, 23036, 23112, 23992, 25896, 25988]
  PROBLEM: BACKEND_RESTARTED_MID_ARM: [9932, 14228, 16116, 18004, 19828, 20496, 20924, 21612, 22296, 23112, 25896, 25988] -> [9932, 14228, 19828, 20496, 20924, 21408, 21612, 23036, 23112, 23992, 25896, 25988]
  PROBLEM: BACKEND_RESTARTED_MID_ARM: [9932, 14228, 16116, 18004, 19828, 20496, 20924, 21612, 22296, 23112, 25896, 25988] -> [9932, 14228, 19828, 20496, 20924, 21408, 21612, 23036, 23112, 23992, 25896, 25988]
  PROBLEM: BACKEND_RESTARTED_MID_ARM: [9932, 14228, 16116, 18004, 19828, 20496, 20924, 21612, 22296, 23112, 25896, 25988] -> [9932, 14228, 19828, 20496, 20924, 21408, 21612, 23036, 23112, 23992, 25896, 25988]
  PROBLEM: BACKEND_RESTARTED_MID_ARM: [9932, 14228, 16116, 18004, 19828, 20496, 20924, 21612, 22296, 23112, 25896, 25988] -> [9932, 14228, 19828, 20496, 20924, 21408, 21612, 23036, 23112, 23992, 25896, 25988]
  PROBLEM: BACKEND_RESTARTED_MID_ARM: [9932, 14228, 16116, 18004, 19828, 20496, 20924, 21612, 22296, 23112, 25896, 25988] -> [9932, 14228, 19828, 20496, 20924, 21408, 21612, 23036, 23112, 23992, 25896, 25988]
  PROBLEM: BACKEND_RESTARTED_MID_ARM: [9932, 14228, 16116, 18004, 19828, 20496, 20924, 21612, 22296, 23112, 25896, 25988] -> [9932, 14228, 19828, 20496, 20924, 21408, 21612, 23036, 23112, 23992, 25896, 25988]
  PROBLEM: BACKEND_RESTARTED_MID_ARM: [9932, 14228, 16116, 18004, 19828, 20496, 20924, 21612, 22296, 23112, 25896, 25988] -> [9932, 14228, 19828, 20496, 20924, 21408, 21612, 23036, 23112, 23992, 25896, 25988]
  PROBLEM: BACKEND_RESTARTED_MID_ARM: [9932, 14228, 16116, 18004, 19828, 20496, 20924, 21612, 22296, 23112, 25896, 25988] -> [9932, 14228, 19828, 20496, 20924, 21408, 21612, 23036, 23112, 23992, 25896, 25988]
  PROBLEM: BACKEND_RESTARTED_MID_ARM: [9932, 14228, 16116, 18004, 19828, 20496, 20924, 21612, 22296, 23112, 25896, 25988] -> [9932, 14228, 19828, 20496, 20924, 21408, 21612, 23036, 23112, 23992, 25896, 25988]
  PROBLEM: BACKEND_RESTARTED_MID_ARM: [9932, 14228, 16116, 18004, 19828, 20496, 20924, 21612, 22296, 23112, 25896, 25988] -> [9932, 14228, 19828, 20496, 20924, 21408, 21612, 23036, 23112, 23992, 25896, 25988]
  wrote docs/results/RUNTIME_MEMORY_FULL_WINDOW.json
