Godot Engine v4.6.stable.official.89cea1439 - https://godotengine.org

=== RUNTIME-MEMORY arm RECOVERY_ONLY ===
windows 40, window 40000 ms, sample every 2000 ms
backend pids at arm start: [3540, 4248, 5828, 14024, 17452, 20076, 20400, 21468, 23372, 24036, 24984, 25796]
  final live-client sample taken; the orchestrator measures the
  disconnect phase, since this process cannot observe its own exit

[ARM RECOVERY_ONLY] samples 682, requests 0, completions 0, recoveries 40
  PROBLEM: BACKEND_RESTARTED_MID_ARM: [3540, 4248, 5828, 14024, 17452, 20076, 20400, 21468, 23372, 24036, 24984, 25796] -> [3540, 4248, 5828, 14024, 17452, 20076, 20400, 21468, 23372, 23844, 24984, 25796]
  PROBLEM: BACKEND_RESTARTED_MID_ARM: [3540, 4248, 5828, 14024, 17452, 20076, 20400, 21468, 23372, 24036, 24984, 25796] -> [3540, 4248, 5828, 14024, 17452, 20076, 20400, 21468, 23372, 23844, 24984, 25796]
  PROBLEM: BACKEND_RESTARTED_MID_ARM: [3540, 4248, 5828, 14024, 17452, 20076, 20400, 21468, 23372, 24036, 24984, 25796] -> [3540, 4248, 5828, 14024, 17452, 20076, 20400, 21468, 23372, 23844, 24984, 25796]
  PROBLEM: BACKEND_RESTARTED_MID_ARM: [3540, 4248, 5828, 14024, 17452, 20076, 20400, 21468, 23372, 24036, 24984, 25796] -> [3540, 4248, 5828, 14024, 17452, 20076, 20400, 21468, 23372, 23844, 24984, 25796]
  PROBLEM: BACKEND_RESTARTED_MID_ARM: [3540, 4248, 5828, 14024, 17452, 20076, 20400, 21468, 23372, 24036, 24984, 25796] -> [3540, 4248, 5828, 14024, 17452, 20076, 20400, 21468, 23372, 23844, 24984, 25796]
  PROBLEM: BACKEND_RESTARTED_MID_ARM: [3540, 4248, 5828, 14024, 17452, 20076, 20400, 21468, 23372, 24036, 24984, 25796] -> [3540, 4248, 5828, 14024, 17452, 20076, 20400, 21468, 23372, 23844, 24984, 25796]
  PROBLEM: BACKEND_RESTARTED_MID_ARM: [3540, 4248, 5828, 14024, 17452, 20076, 20400, 21468, 23372, 24036, 24984, 25796] -> [3540, 4248, 5828, 14024, 17452, 20076, 20400, 21468, 23372, 23844, 24984, 25796]
  PROBLEM: BACKEND_RESTARTED_MID_ARM: [3540, 4248, 5828, 14024, 17452, 20076, 20400, 21468, 23372, 24036, 24984, 25796] -> [3540, 4248, 5828, 14024, 17452, 20076, 20400, 21468, 23372, 23844, 24984, 25796]
  PROBLEM: BACKEND_RESTARTED_MID_ARM: [3540, 4248, 5828, 14024, 17452, 20076, 20400, 21468, 23372, 24036, 24984, 25796] -> [3540, 4248, 5828, 14024, 17452, 20076, 20400, 21468, 23372, 23844, 24984, 25796]
  PROBLEM: BACKEND_RESTARTED_MID_ARM: [3540, 4248, 5828, 14024, 17452, 20076, 20400, 21468, 23372, 24036, 24984, 25796] -> [3540, 4248, 5828, 14024, 17452, 20076, 20400, 21468, 23372, 23844, 24984, 25796]
  PROBLEM: BACKEND_RESTARTED_MID_ARM: [3540, 4248, 5828, 14024, 17452, 20076, 20400, 21468, 23372, 24036, 24984, 25796] -> [3540, 4248, 5828, 14024, 17452, 20076, 20400, 21468, 23372, 23844, 24984, 25796]
  PROBLEM: BACKEND_RESTARTED_MID_ARM: [3540, 4248, 5828, 14024, 17452, 20076, 20400, 21468, 23372, 24036, 24984, 25796] -> [3540, 4248, 5828, 14024, 17452, 20076, 20400, 21468, 23372, 23844, 24984, 25796]
  PROBLEM: BACKEND_RESTARTED_MID_ARM: [3540, 4248, 5828, 14024, 17452, 20076, 20400, 21468, 23372, 24036, 24984, 25796] -> [3540, 4248, 5828, 14024, 17452, 20076, 20400, 21468, 23372, 23844, 24984, 25796]
  PROBLEM: BACKEND_RESTARTED_MID_ARM: [3540, 4248, 5828, 14024, 17452, 20076, 20400, 21468, 23372, 24036, 24984, 25796] -> [3540, 4248, 5828, 14024, 17452, 20076, 20400, 21468, 23372, 23844, 24984, 25796]
  PROBLEM: BACKEND_RESTARTED_MID_ARM: [3540, 4248, 5828, 14024, 17452, 20076, 20400, 21468, 23372, 24036, 24984, 25796] -> [3540, 4248, 5828, 14024, 17452, 20076, 20400, 21468, 23372, 23844, 24984, 25796]
  PROBLEM: BACKEND_RESTARTED_MID_ARM: [3540, 4248, 5828, 14024, 17452, 20076, 20400, 21468, 23372, 24036, 24984, 25796] -> [3540, 4248, 5828, 14024, 17452, 20076, 20400, 21468, 23372, 23844, 24984, 25796]
  PROBLEM: BACKEND_RESTARTED_MID_ARM: [3540, 4248, 5828, 14024, 17452, 20076, 20400, 21468, 23372, 24036, 24984, 25796] -> [3540, 4248, 5828, 14024, 17452, 20076, 20400, 21468, 23372, 23844, 24984, 25796]
  PROBLEM: BACKEND_RESTARTED_MID_ARM: [3540, 4248, 5828, 14024, 17452, 20076, 20400, 21468, 23372, 24036, 24984, 25796] -> [3540, 4248, 5828, 14024, 17452, 20076, 20400, 21468, 23372, 23844, 24984, 25796]
  PROBLEM: BACKEND_RESTARTED_MID_ARM: [3540, 4248, 5828, 14024, 17452, 20076, 20400, 21468, 23372, 24036, 24984, 25796] -> [3540, 4248, 5828, 14024, 17452, 20076, 20400, 21664, 23372, 23844, 24984, 25796]
  PROBLEM: BACKEND_RESTARTED_MID_ARM: [3540, 4248, 5828, 14024, 17452, 20076, 20400, 21468, 23372, 24036, 24984, 25796] -> [3540, 4248, 5828, 14024, 17452, 20076, 20400, 21664, 23372, 23844, 24984, 25796]
  PROBLEM: BACKEND_RESTARTED_MID_ARM: [3540, 4248, 5828, 14024, 17452, 20076, 20400, 21468, 23372, 24036, 24984, 25796] -> [3540, 4248, 5828, 14024, 17452, 20076, 20400, 21664, 23372, 23844, 24984, 25796]
  PROBLEM: BACKEND_RESTARTED_MID_ARM: [3540, 4248, 5828, 14024, 17452, 20076, 20400, 21468, 23372, 24036, 24984, 25796] -> [3540, 4248, 5828, 14024, 17452, 20076, 20400, 21664, 23372, 23844, 24984, 25796]
  PROBLEM: BACKEND_RESTARTED_MID_ARM: [3540, 4248, 5828, 14024, 17452, 20076, 20400, 21468, 23372, 24036, 24984, 25796] -> [3540, 4248, 5828, 14024, 17452, 20076, 20400, 21664, 23372, 23844, 24984, 25796]
  PROBLEM: BACKEND_RESTARTED_MID_ARM: [3540, 4248, 5828, 14024, 17452, 20076, 20400, 21468, 23372, 24036, 24984, 25796] -> [3540, 4248, 5828, 14024, 17452, 20076, 20400, 21664, 23372, 23844, 24984, 25796]
  PROBLEM: BACKEND_RESTARTED_MID_ARM: [3540, 4248, 5828, 14024, 17452, 20076, 20400, 21468, 23372, 24036, 24984, 25796] -> [3540, 4248, 5828, 14024, 17452, 20076, 20400, 21664, 23372, 23844, 24984, 25796]
  PROBLEM: BACKEND_RESTARTED_MID_ARM: [3540, 4248, 5828, 14024, 17452, 20076, 20400, 21468, 23372, 24036, 24984, 25796] -> [3540, 4248, 5828, 14024, 17452, 20076, 20400, 21664, 23372, 23844, 24984, 25796]
  PROBLEM: BACKEND_RESTARTED_MID_ARM: [3540, 4248, 5828, 14024, 17452, 20076, 20400, 21468, 23372, 24036, 24984, 25796] -> [3540, 4248, 5828, 14024, 17452, 20076, 20400, 21664, 23372, 23844, 24984, 25796]
  PROBLEM: BACKEND_RESTARTED_MID_ARM: [3540, 4248, 5828, 14024, 17452, 20076, 20400, 21468, 23372, 24036, 24984, 25796] -> [3540, 4248, 5828, 14024, 17452, 20076, 20400, 21664, 23372, 23844, 24984, 25796]
  PROBLEM: BACKEND_RESTARTED_MID_ARM: [3540, 4248, 5828, 14024, 17452, 20076, 20400, 21468, 23372, 24036, 24984, 25796] -> [3540, 4248, 5828, 14024, 17452, 20076, 20400, 21664, 23372, 23844, 24984, 25796]
  PROBLEM: BACKEND_RESTARTED_MID_ARM: [3540, 4248, 5828, 14024, 17452, 20076, 20400, 21468, 23372, 24036, 24984, 25796] -> [3540, 4248, 5828, 14024, 17452, 20076, 20400, 21664, 23372, 23844, 24984, 25796]
  PROBLEM: BACKEND_RESTARTED_MID_ARM: [3540, 4248, 5828, 14024, 17452, 20076, 20400, 21468, 23372, 24036, 24984, 25796] -> [3540, 4248, 5828, 14024, 17452, 20076, 20400, 21664, 23372, 23844, 24984, 25796]
  PROBLEM: BACKEND_RESTARTED_MID_ARM: [3540, 4248, 5828, 14024, 17452, 20076, 20400, 21468, 23372, 24036, 24984, 25796] -> [3540, 4248, 5828, 14024, 17452, 20076, 20400, 21664, 23372, 23844, 24984, 25796]
  PROBLEM: BACKEND_RESTARTED_MID_ARM: [3540, 4248, 5828, 14024, 17452, 20076, 20400, 21468, 23372, 24036, 24984, 25796] -> [3540, 4248, 5828, 14024, 17452, 20076, 20400, 21664, 23372, 23844, 24984, 25796]
  PROBLEM: BACKEND_RESTARTED_MID_ARM: [3540, 4248, 5828, 14024, 17452, 20076, 20400, 21468, 23372, 24036, 24984, 25796] -> [3540, 4248, 5828, 14024, 17452, 20076, 20400, 21664, 23372, 23844, 24984, 25796]
  PROBLEM: BACKEND_RESTARTED_MID_ARM: [3540, 4248, 5828, 14024, 17452, 20076, 20400, 21468, 23372, 24036, 24984, 25796] -> [3540, 4248, 5828, 14024, 17452, 20076, 20400, 21664, 23372, 23844, 24984, 25796]
  PROBLEM: BACKEND_RESTARTED_MID_ARM: [3540, 4248, 5828, 14024, 17452, 20076, 20400, 21468, 23372, 24036, 24984, 25796] -> [3540, 4248, 5828, 14024, 14052, 17452, 20400, 21664, 23372, 23844, 24984, 25796]
  PROBLEM: BACKEND_RESTARTED_MID_ARM: [3540, 4248, 5828, 14024, 17452, 20076, 20400, 21468, 23372, 24036, 24984, 25796] -> [3540, 4248, 5828, 14024, 14052, 17452, 20400, 21664, 23372, 23844, 24984, 25796]
  PROBLEM: BACKEND_RESTARTED_MID_ARM: [3540, 4248, 5828, 14024, 17452, 20076, 20400, 21468, 23372, 24036, 24984, 25796] -> [3540, 4248, 5828, 14024, 14052, 17452, 20400, 21664, 23372, 23844, 24984, 25796]
  PROBLEM: BACKEND_RESTARTED_MID_ARM: [3540, 4248, 5828, 14024, 17452, 20076, 20400, 21468, 23372, 24036, 24984, 25796] -> [3540, 4248, 5828, 14024, 14052, 17452, 20400, 21664, 23372, 23844, 24984, 25796]
  PROBLEM: BACKEND_RESTARTED_MID_ARM: [3540, 4248, 5828, 14024, 17452, 20076, 20400, 21468, 23372, 24036, 24984, 25796] -> [3540, 4248, 5828, 14024, 14052, 17452, 20400, 21664, 23372, 23844, 24984, 25796]
  PROBLEM: BACKEND_RESTARTED_MID_ARM: [3540, 4248, 5828, 14024, 17452, 20076, 20400, 21468, 23372, 24036, 24984, 25796] -> [3540, 4248, 5828, 14024, 14052, 17452, 20400, 21664, 23372, 23844, 24984, 25796]
  PROBLEM: BACKEND_RESTARTED_MID_ARM: [3540, 4248, 5828, 14024, 17452, 20076, 20400, 21468, 23372, 24036, 24984, 25796] -> [3540, 4248, 5828, 14024, 14052, 17452, 20400, 21664, 23372, 23844, 24984, 25796]
  PROBLEM: BACKEND_RESTARTED_MID_ARM: [3540, 4248, 5828, 14024, 17452, 20076, 20400, 21468, 23372, 24036, 24984, 25796] -> [3540, 4248, 5828, 14024, 14052, 17452, 20400, 21664, 23372, 23844, 24984, 25796]
  PROBLEM: BACKEND_RESTARTED_MID_ARM: [3540, 4248, 5828, 14024, 17452, 20076, 20400, 21468, 23372, 24036, 24984, 25796] -> [3540, 4248, 5828, 14024, 14052, 17452, 20400, 21664, 23372, 23844, 24984, 25796]
  PROBLEM: BACKEND_RESTARTED_MID_ARM: [3540, 4248, 5828, 14024, 17452, 20076, 20400, 21468, 23372, 24036, 24984, 25796] -> [3540, 4248, 5828, 14024, 14052, 17452, 20400, 21664, 23372, 23844, 24984, 25796]
  PROBLEM: BACKEND_RESTARTED_MID_ARM: [3540, 4248, 5828, 14024, 17452, 20076, 20400, 21468, 23372, 24036, 24984, 25796] -> [3540, 4248, 5828, 14024, 14052, 17452, 20400, 21664, 23372, 23844, 24984, 25796]
  PROBLEM: BACKEND_RESTARTED_MID_ARM: [3540, 4248, 5828, 14024, 17452, 20076, 20400, 21468, 23372, 24036, 24984, 25796] -> [3540, 4248, 5828, 14024, 14052, 17452, 20400, 21664, 23372, 23844, 24984, 25796]
  PROBLEM: BACKEND_RESTARTED_MID_ARM: [3540, 4248, 5828, 14024, 17452, 20076, 20400, 21468, 23372, 24036, 24984, 25796] -> [3540, 4248, 5828, 14024, 14052, 17452, 20400, 21664, 23372, 23844, 24984, 25796]
  PROBLEM: BACKEND_RESTARTED_MID_ARM: [3540, 4248, 5828, 14024, 17452, 20076, 20400, 21468, 23372, 24036, 24984, 25796] -> [3540, 4248, 5828, 14024, 14052, 17452, 20400, 21664, 23372, 23844, 24984, 25796]
  PROBLEM: BACKEND_RESTARTED_MID_ARM: [3540, 4248, 5828, 14024, 17452, 20076, 20400, 21468, 23372, 24036, 24984, 25796] -> [3540, 4248, 5828, 14024, 14052, 17452, 20400, 21664, 23372, 23844, 24984, 25796]
  PROBLEM: BACKEND_RESTARTED_MID_ARM: [3540, 4248, 5828, 14024, 17452, 20076, 20400, 21468, 23372, 24036, 24984, 25796] -> [3540, 4248, 5828, 14024, 14052, 17452, 20400, 21664, 23372, 23844, 24984, 25796]
  PROBLEM: BACKEND_RESTARTED_MID_ARM: [3540, 4248, 5828, 14024, 17452, 20076, 20400, 21468, 23372, 24036, 24984, 25796] -> [3540, 4248, 5828, 14024, 14052, 17452, 20400, 21664, 23372, 24984, 25796]
  PROBLEM: BACKEND_RESTARTED_MID_ARM: [3540, 4248, 5828, 14024, 17452, 20076, 20400, 21468, 23372, 24036, 24984, 25796] -> [3540, 4248, 5828, 14024, 14052, 17452, 20400, 21664, 22660, 23372, 24984, 25796]
  PROBLEM: BACKEND_RESTARTED_MID_ARM: [3540, 4248, 5828, 14024, 17452, 20076, 20400, 21468, 23372, 24036, 24984, 25796] -> [3540, 4248, 5828, 14024, 14052, 17452, 20400, 21664, 22660, 23372, 24984, 25796]
  PROBLEM: BACKEND_RESTARTED_MID_ARM: [3540, 4248, 5828, 14024, 17452, 20076, 20400, 21468, 23372, 24036, 24984, 25796] -> [3540, 4248, 5828, 14024, 14052, 17452, 20400, 21664, 22660, 23372, 24984, 25796]
  PROBLEM: BACKEND_RESTARTED_MID_ARM: [3540, 4248, 5828, 14024, 17452, 20076, 20400, 21468, 23372, 24036, 24984, 25796] -> [3540, 4248, 5828, 14024, 14052, 17452, 20400, 21664, 22660, 23372, 24984, 25796]
  PROBLEM: BACKEND_RESTARTED_MID_ARM: [3540, 4248, 5828, 14024, 17452, 20076, 20400, 21468, 23372, 24036, 24984, 25796] -> [3540, 4248, 5828, 14024, 14052, 17452, 20400, 21664, 22660, 23372, 24984, 25796]
  PROBLEM: BACKEND_RESTARTED_MID_ARM: [3540, 4248, 5828, 14024, 17452, 20076, 20400, 21468, 23372, 24036, 24984, 25796] -> [3540, 4248, 5828, 14024, 14052, 17452, 20400, 21664, 22660, 23372, 24984, 25796]
  PROBLEM: BACKEND_RESTARTED_MID_ARM: [3540, 4248, 5828, 14024, 17452, 20076, 20400, 21468, 23372, 24036, 24984, 25796] -> [3540, 4248, 5828, 14024, 14052, 17452, 20400, 21664, 22660, 23372, 24984, 25796]
  PROBLEM: BACKEND_RESTARTED_MID_ARM: [3540, 4248, 5828, 14024, 17452, 20076, 20400, 21468, 23372, 24036, 24984, 25796] -> [3540, 4248, 5828, 14024, 14052, 17452, 20400, 21664, 22660, 23372, 24984, 25796]
  PROBLEM: BACKEND_RESTARTED_MID_ARM: [3540, 4248, 5828, 14024, 17452, 20076, 20400, 21468, 23372, 24036, 24984, 25796] -> [3540, 4248, 5828, 14024, 14052, 17452, 20400, 21664, 22660, 23372, 24984, 25796]
  PROBLEM: BACKEND_RESTARTED_MID_ARM: [3540, 4248, 5828, 14024, 17452, 20076, 20400, 21468, 23372, 24036, 24984, 25796] -> [3540, 4248, 5828, 14024, 14052, 17452, 20400, 21664, 22660, 23372, 24984, 25796]
  PROBLEM: BACKEND_RESTARTED_MID_ARM: [3540, 4248, 5828, 14024, 17452, 20076, 20400, 21468, 23372, 24036, 24984, 25796] -> [3540, 4248, 5828, 14024, 14052, 17452, 20400, 21664, 22660, 23372, 24984, 25796]
  PROBLEM: BACKEND_RESTARTED_MID_ARM: [3540, 4248, 5828, 14024, 17452, 20076, 20400, 21468, 23372, 24036, 24984, 25796] -> [3540, 4248, 5828, 14024, 14052, 17452, 20400, 21664, 22660, 23372, 24984, 25796]
  PROBLEM: BACKEND_RESTARTED_MID_ARM: [3540, 4248, 5828, 14024, 17452, 20076, 20400, 21468, 23372, 24036, 24984, 25796] -> [3540, 4248, 5828, 14024, 14052, 17452, 20400, 21664, 22660, 23372, 24984, 25796]
  PROBLEM: BACKEND_RESTARTED_MID_ARM: [3540, 4248, 5828, 14024, 17452, 20076, 20400, 21468, 23372, 24036, 24984, 25796] -> [3540, 4248, 5828, 14024, 14052, 17452, 20400, 21664, 22660, 23372, 24984, 25796]
  PROBLEM: BACKEND_RESTARTED_MID_ARM: [3540, 4248, 5828, 14024, 17452, 20076, 20400, 21468, 23372, 24036, 24984, 25796] -> [3540, 4248, 5828, 14024, 14052, 17452, 20400, 21664, 22660, 23372, 24984, 25796]
  PROBLEM: BACKEND_RESTARTED_MID_ARM: [3540, 4248, 5828, 14024, 17452, 20076, 20400, 21468, 23372, 24036, 24984, 25796] -> [3540, 4248, 5828, 14024, 14052, 17452, 20400, 21664, 22660, 23372, 24984, 25796]
  PROBLEM: BACKEND_RESTARTED_MID_ARM: [3540, 4248, 5828, 14024, 17452, 20076, 20400, 21468, 23372, 24036, 24984, 25796] -> [3540, 4248, 5828, 14024, 14052, 17452, 20400, 21664, 22660, 23372, 24984, 25796]
  PROBLEM: BACKEND_RESTARTED_MID_ARM: [3540, 4248, 5828, 14024, 17452, 20076, 20400, 21468, 23372, 24036, 24984, 25796] -> [3540, 4248, 5828, 14024, 14052, 16220, 17452, 20400, 22660, 23372, 24984, 25796]
  PROBLEM: BACKEND_RESTARTED_MID_ARM: [3540, 4248, 5828, 14024, 17452, 20076, 20400, 21468, 23372, 24036, 24984, 25796] -> [3540, 4248, 5828, 14024, 14052, 16220, 17452, 20400, 22660, 23372, 24984, 25796]
  PROBLEM: BACKEND_RESTARTED_MID_ARM: [3540, 4248, 5828, 14024, 17452, 20076, 20400, 21468, 23372, 24036, 24984, 25796] -> [3540, 4248, 5828, 14024, 14052, 16220, 17452, 20400, 22660, 23372, 24984, 25796]
  PROBLEM: BACKEND_RESTARTED_MID_ARM: [3540, 4248, 5828, 14024, 17452, 20076, 20400, 21468, 23372, 24036, 24984, 25796] -> [3540, 4248, 5828, 14024, 14052, 16220, 17452, 20400, 22660, 23372, 24984, 25796]
  PROBLEM: BACKEND_RESTARTED_MID_ARM: [3540, 4248, 5828, 14024, 17452, 20076, 20400, 21468, 23372, 24036, 24984, 25796] -> [3540, 4248, 5828, 14024, 14052, 16220, 17452, 20400, 22660, 23372, 24984, 25796]
  PROBLEM: BACKEND_RESTARTED_MID_ARM: [3540, 4248, 5828, 14024, 17452, 20076, 20400, 21468, 23372, 24036, 24984, 25796] -> [3540, 4248, 5828, 14024, 14052, 16220, 17452, 20400, 22660, 23372, 24984, 25796]
  PROBLEM: BACKEND_RESTARTED_MID_ARM: [3540, 4248, 5828, 14024, 17452, 20076, 20400, 21468, 23372, 24036, 24984, 25796] -> [3540, 4248, 5828, 14024, 14052, 16220, 17452, 20400, 22660, 23372, 24984, 25796]
  PROBLEM: BACKEND_RESTARTED_MID_ARM: [3540, 4248, 5828, 14024, 17452, 20076, 20400, 21468, 23372, 24036, 24984, 25796] -> [3540, 4248, 5828, 14024, 14052, 16220, 17452, 20400, 22660, 23372, 24984, 25796]
  PROBLEM: BACKEND_RESTARTED_MID_ARM: [3540, 4248, 5828, 14024, 17452, 20076, 20400, 21468, 23372, 24036, 24984, 25796] -> [3540, 4248, 5828, 14024, 14052, 16220, 17452, 20400, 22660, 23372, 24984, 25796]
  PROBLEM: BACKEND_RESTARTED_MID_ARM: [3540, 4248, 5828, 14024, 17452, 20076, 20400, 21468, 23372, 24036, 24984, 25796] -> [3540, 4248, 5828, 14024, 14052, 16220, 17452, 20400, 22660, 23372, 24984, 25796]
  PROBLEM: BACKEND_RESTARTED_MID_ARM: [3540, 4248, 5828, 14024, 17452, 20076, 20400, 21468, 23372, 24036, 24984, 25796] -> [3540, 4248, 5828, 14024, 14052, 16220, 17452, 20400, 22660, 23372, 24984, 25796]
  PROBLEM: BACKEND_RESTARTED_MID_ARM: [3540, 4248, 5828, 14024, 17452, 20076, 20400, 21468, 23372, 24036, 24984, 25796] -> [3540, 4248, 5828, 14024, 14052, 16220, 17452, 20400, 22660, 23372, 24984, 25796]
  PROBLEM: BACKEND_RESTARTED_MID_ARM: [3540, 4248, 5828, 14024, 17452, 20076, 20400, 21468, 23372, 24036, 24984, 25796] -> [3540, 4248, 5828, 14024, 14052, 16220, 17452, 20400, 22660, 23372, 24984, 25796]
  PROBLEM: BACKEND_RESTARTED_MID_ARM: [3540, 4248, 5828, 14024, 17452, 20076, 20400, 21468, 23372, 24036, 24984, 25796] -> [3540, 4248, 5828, 14024, 14052, 16220, 17452, 20400, 22660, 23372, 24984, 25796]
  PROBLEM: BACKEND_RESTARTED_MID_ARM: [3540, 4248, 5828, 14024, 17452, 20076, 20400, 21468, 23372, 24036, 24984, 25796] -> [3540, 4248, 5828, 14024, 14052, 16220, 17452, 20400, 22660, 23372, 24984, 25796]
  PROBLEM: BACKEND_RESTARTED_MID_ARM: [3540, 4248, 5828, 14024, 17452, 20076, 20400, 21468, 23372, 24036, 24984, 25796] -> [3540, 4248, 5828, 14024, 14052, 16220, 17452, 20400, 22660, 23372, 24984, 25796]
  PROBLEM: BACKEND_RESTARTED_MID_ARM: [3540, 4248, 5828, 14024, 17452, 20076, 20400, 21468, 23372, 24036, 24984, 25796] -> [3540, 4248, 5828, 14024, 14052, 16220, 17452, 20400, 22660, 23372, 24984, 25796]
  PROBLEM: BACKEND_RESTARTED_MID_ARM: [3540, 4248, 5828, 14024, 17452, 20076, 20400, 21468, 23372, 24036, 24984, 25796] -> [3540, 4248, 4872, 5828, 14024, 16220, 17452, 20400, 22660, 23372, 24984, 25796]
  PROBLEM: BACKEND_RESTARTED_MID_ARM: [3540, 4248, 5828, 14024, 17452, 20076, 20400, 21468, 23372, 24036, 24984, 25796] -> [3540, 4248, 4872, 5828, 14024, 16220, 17452, 20400, 22660, 23372, 24984, 25796]
  PROBLEM: BACKEND_RESTARTED_MID_ARM: [3540, 4248, 5828, 14024, 17452, 20076, 20400, 21468, 23372, 24036, 24984, 25796] -> [3540, 4248, 4872, 5828, 14024, 16220, 17452, 20400, 22660, 23372, 24984, 25796]
  PROBLEM: BACKEND_RESTARTED_MID_ARM: [3540, 4248, 5828, 14024, 17452, 20076, 20400, 21468, 23372, 24036, 24984, 25796] -> [3540, 4248, 4872, 5828, 14024, 16220, 17452, 20400, 22660, 23372, 24984, 25796]
  PROBLEM: BACKEND_RESTARTED_MID_ARM: [3540, 4248, 5828, 14024, 17452, 20076, 20400, 21468, 23372, 24036, 24984, 25796] -> [3540, 4248, 4872, 5828, 14024, 16220, 17452, 20400, 22660, 23372, 24984, 25796]
  PROBLEM: BACKEND_RESTARTED_MID_ARM: [3540, 4248, 5828, 14024, 17452, 20076, 20400, 21468, 23372, 24036, 24984, 25796] -> [3540, 4248, 4872, 5828, 14024, 16220, 17452, 20400, 22660, 23372, 24984, 25796]
  PROBLEM: BACKEND_RESTARTED_MID_ARM: [3540, 4248, 5828, 14024, 17452, 20076, 20400, 21468, 23372, 24036, 24984, 25796] -> [3540, 4248, 4872, 5828, 14024, 16220, 17452, 20400, 22660, 23372, 24984, 25796]
  PROBLEM: BACKEND_RESTARTED_MID_ARM: [3540, 4248, 5828, 14024, 17452, 20076, 20400, 21468, 23372, 24036, 24984, 25796] -> [3540, 4248, 4872, 5828, 14024, 16220, 17452, 20400, 22660, 23372, 24984, 25796]
  PROBLEM: BACKEND_RESTARTED_MID_ARM: [3540, 4248, 5828, 14024, 17452, 20076, 20400, 21468, 23372, 24036, 24984, 25796] -> [3540, 4248, 4872, 5828, 14024, 16220, 17452, 20400, 22660, 23372, 24984, 25796]
  PROBLEM: BACKEND_RESTARTED_MID_ARM: [3540, 4248, 5828, 14024, 17452, 20076, 20400, 21468, 23372, 24036, 24984, 25796] -> [3540, 4248, 4872, 5828, 14024, 16220, 17452, 20400, 22660, 23372, 24984, 25796]
  PROBLEM: BACKEND_RESTARTED_MID_ARM: [3540, 4248, 5828, 14024, 17452, 20076, 20400, 21468, 23372, 24036, 24984, 25796] -> [3540, 4248, 4872, 5828, 14024, 16220, 17452, 20400, 22660, 23372, 24984, 25796]
  PROBLEM: BACKEND_RESTARTED_MID_ARM: [3540, 4248, 5828, 14024, 17452, 20076, 20400, 21468, 23372, 24036, 24984, 25796] -> [3540, 4248, 4872, 5828, 14024, 16220, 17452, 20400, 22660, 23372, 24984, 25796]
  PROBLEM: BACKEND_RESTARTED_MID_ARM: [3540, 4248, 5828, 14024, 17452, 20076, 20400, 21468, 23372, 24036, 24984, 25796] -> [3540, 4248, 4872, 5828, 14024, 16220, 17452, 20400, 22660, 23372, 24984, 25796]
  PROBLEM: BACKEND_RESTARTED_MID_ARM: [3540, 4248, 5828, 14024, 17452, 20076, 20400, 21468, 23372, 24036, 24984, 25796] -> [3540, 4248, 4872, 5828, 14024, 16220, 17452, 20400, 22660, 23372, 24984, 25796]
  PROBLEM: BACKEND_RESTARTED_MID_ARM: [3540, 4248, 5828, 14024, 17452, 20076, 20400, 21468, 23372, 24036, 24984, 25796] -> [3540, 4248, 4872, 5828, 14024, 16220, 17452, 20400, 22660, 23372, 24984, 25796]
  PROBLEM: BACKEND_RESTARTED_MID_ARM: [3540, 4248, 5828, 14024, 17452, 20076, 20400, 21468, 23372, 24036, 24984, 25796] -> [3540, 4248, 4872, 5828, 14024, 16220, 17452, 20400, 22660, 23372, 24984, 25796]
  PROBLEM: BACKEND_RESTARTED_MID_ARM: [3540, 4248, 5828, 14024, 17452, 20076, 20400, 21468, 23372, 24036, 24984, 25796] -> [3540, 4248, 4872, 5828, 14024, 16220, 17452, 20400, 22660, 23372, 24984, 25796]
  PROBLEM: BACKEND_RESTARTED_MID_ARM: [3540, 4248, 5828, 14024, 17452, 20076, 20400, 21468, 23372, 24036, 24984, 25796] -> [3540, 4248, 4872, 5828, 6072, 14024, 16220, 17452, 20400, 23372, 24984, 25796]
  PROBLEM: BACKEND_RESTARTED_MID_ARM: [3540, 4248, 5828, 14024, 17452, 20076, 20400, 21468, 23372, 24036, 24984, 25796] -> [3540, 4248, 4872, 5828, 6072, 14024, 16220, 17452, 20400, 23372, 24984, 25796]
  PROBLEM: BACKEND_RESTARTED_MID_ARM: [3540, 4248, 5828, 14024, 17452, 20076, 20400, 21468, 23372, 24036, 24984, 25796] -> [3540, 4248, 4872, 5828, 6072, 14024, 16220, 17452, 20400, 23372, 24984, 25796]
  PROBLEM: BACKEND_RESTARTED_MID_ARM: [3540, 4248, 5828, 14024, 17452, 20076, 20400, 21468, 23372, 24036, 24984, 25796] -> [3540, 4248, 4872, 5828, 6072, 14024, 16220, 17452, 20400, 23372, 24984, 25796]
  PROBLEM: BACKEND_RESTARTED_MID_ARM: [3540, 4248, 5828, 14024, 17452, 20076, 20400, 21468, 23372, 24036, 24984, 25796] -> [3540, 4248, 4872, 5828, 6072, 14024, 16220, 17452, 20400, 23372, 24984, 25796]
  PROBLEM: BACKEND_RESTARTED_MID_ARM: [3540, 4248, 5828, 14024, 17452, 20076, 20400, 21468, 23372, 24036, 24984, 25796] -> [3540, 4248, 4872, 5828, 6072, 14024, 16220, 17452, 20400, 23372, 24984, 25796]
  PROBLEM: BACKEND_RESTARTED_MID_ARM: [3540, 4248, 5828, 14024, 17452, 20076, 20400, 21468, 23372, 24036, 24984, 25796] -> [3540, 4248, 4872, 5828, 6072, 14024, 16220, 17452, 20400, 23372, 24984, 25796]
  PROBLEM: BACKEND_RESTARTED_MID_ARM: [3540, 4248, 5828, 14024, 17452, 20076, 20400, 21468, 23372, 24036, 24984, 25796] -> [3540, 4248, 4872, 5828, 6072, 14024, 16220, 17452, 20400, 23372, 24984, 25796]
  PROBLEM: BACKEND_RESTARTED_MID_ARM: [3540, 4248, 5828, 14024, 17452, 20076, 20400, 21468, 23372, 24036, 24984, 25796] -> [3540, 4248, 4872, 5828, 6072, 14024, 16220, 17452, 20400, 23372, 24984, 25796]
  PROBLEM: BACKEND_RESTARTED_MID_ARM: [3540, 4248, 5828, 14024, 17452, 20076, 20400, 21468, 23372, 24036, 24984, 25796] -> [3540, 4248, 4872, 5828, 6072, 14024, 16220, 17452, 20400, 23372, 24984, 25796]
  PROBLEM: BACKEND_RESTARTED_MID_ARM: [3540, 4248, 5828, 14024, 17452, 20076, 20400, 21468, 23372, 24036, 24984, 25796] -> [3540, 4248, 4872, 5828, 6072, 14024, 16220, 17452, 20400, 23372, 24984, 25796]
  PROBLEM: BACKEND_RESTARTED_MID_ARM: [3540, 4248, 5828, 14024, 17452, 20076, 20400, 21468, 23372, 24036, 24984, 25796] -> [3540, 4248, 4872, 5828, 6072, 14024, 16220, 17452, 20400, 23372, 24984, 25796]
  PROBLEM: BACKEND_RESTARTED_MID_ARM: [3540, 4248, 5828, 14024, 17452, 20076, 20400, 21468, 23372, 24036, 24984, 25796] -> [3540, 4248, 4872, 5828, 6072, 14024, 16220, 17452, 20400, 23372, 24984, 25796]
  PROBLEM: BACKEND_RESTARTED_MID_ARM: [3540, 4248, 5828, 14024, 17452, 20076, 20400, 21468, 23372, 24036, 24984, 25796] -> [3540, 4248, 4872, 5828, 6072, 14024, 16220, 17452, 20400, 23372, 24984, 25796]
  PROBLEM: BACKEND_RESTARTED_MID_ARM: [3540, 4248, 5828, 14024, 17452, 20076, 20400, 21468, 23372, 24036, 24984, 25796] -> [3540, 4248, 4872, 5828, 6072, 14024, 16220, 17452, 20400, 23372, 24984, 25796]
  PROBLEM: BACKEND_RESTARTED_MID_ARM: [3540, 4248, 5828, 14024, 17452, 20076, 20400, 21468, 23372, 24036, 24984, 25796] -> [3540, 4248, 4872, 5828, 6072, 14024, 16220, 17452, 20400, 23372, 24984, 25796]
  PROBLEM: BACKEND_RESTARTED_MID_ARM: [3540, 4248, 5828, 14024, 17452, 20076, 20400, 21468, 23372, 24036, 24984, 25796] -> [3540, 4248, 4872, 5828, 6072, 14024, 16220, 17452, 20400, 23372, 24984, 25796]
  PROBLEM: BACKEND_RESTARTED_MID_ARM: [3540, 4248, 5828, 14024, 17452, 20076, 20400, 21468, 23372, 24036, 24984, 25796] -> [3540, 4248, 4872, 5828, 6072, 14024, 17452, 17588, 20400, 23372, 24984, 25796]
  PROBLEM: BACKEND_RESTARTED_MID_ARM: [3540, 4248, 5828, 14024, 17452, 20076, 20400, 21468, 23372, 24036, 24984, 25796] -> [3540, 4248, 4872, 5828, 6072, 14024, 17452, 17588, 20400, 23372, 24984, 25796]
  PROBLEM: BACKEND_RESTARTED_MID_ARM: [3540, 4248, 5828, 14024, 17452, 20076, 20400, 21468, 23372, 24036, 24984, 25796] -> [3540, 4248, 4872, 5828, 6072, 14024, 17452, 17588, 20400, 23372, 24984, 25796]
  PROBLEM: BACKEND_RESTARTED_MID_ARM: [3540, 4248, 5828, 14024, 17452, 20076, 20400, 21468, 23372, 24036, 24984, 25796] -> [3540, 4248, 4872, 5828, 6072, 14024, 17452, 17588, 20400, 23372, 24984, 25796]
  PROBLEM: BACKEND_RESTARTED_MID_ARM: [3540, 4248, 5828, 14024, 17452, 20076, 20400, 21468, 23372, 24036, 24984, 25796] -> [3540, 4248, 4872, 5828, 6072, 14024, 17452, 17588, 20400, 23372, 24984, 25796]
  PROBLEM: BACKEND_RESTARTED_MID_ARM: [3540, 4248, 5828, 14024, 17452, 20076, 20400, 21468, 23372, 24036, 24984, 25796] -> [3540, 4248, 4872, 5828, 6072, 14024, 17452, 17588, 20400, 23372, 24984, 25796]
  PROBLEM: BACKEND_RESTARTED_MID_ARM: [3540, 4248, 5828, 14024, 17452, 20076, 20400, 21468, 23372, 24036, 24984, 25796] -> [3540, 4248, 4872, 5828, 6072, 14024, 17452, 17588, 20400, 23372, 24984, 25796]
  PROBLEM: BACKEND_RESTARTED_MID_ARM: [3540, 4248, 5828, 14024, 17452, 20076, 20400, 21468, 23372, 24036, 24984, 25796] -> [3540, 4248, 4872, 5828, 6072, 14024, 17452, 17588, 20400, 23372, 24984, 25796]
  PROBLEM: BACKEND_RESTARTED_MID_ARM: [3540, 4248, 5828, 14024, 17452, 20076, 20400, 21468, 23372, 24036, 24984, 25796] -> [3540, 4248, 4872, 5828, 6072, 14024, 17452, 17588, 20400, 23372, 24984, 25796]
  PROBLEM: BACKEND_RESTARTED_MID_ARM: [3540, 4248, 5828, 14024, 17452, 20076, 20400, 21468, 23372, 24036, 24984, 25796] -> [3540, 4248, 4872, 5828, 6072, 14024, 17452, 17588, 20400, 23372, 24984, 25796]
  PROBLEM: BACKEND_RESTARTED_MID_ARM: [3540, 4248, 5828, 14024, 17452, 20076, 20400, 21468, 23372, 24036, 24984, 25796] -> [3540, 4248, 4872, 5828, 6072, 14024, 17452, 17588, 20400, 23372, 24984, 25796]
  PROBLEM: BACKEND_RESTARTED_MID_ARM: [3540, 4248, 5828, 14024, 17452, 20076, 20400, 21468, 23372, 24036, 24984, 25796] -> [3540, 4248, 4872, 5828, 6072, 14024, 17452, 17588, 20400, 23372, 24984, 25796]
  PROBLEM: BACKEND_RESTARTED_MID_ARM: [3540, 4248, 5828, 14024, 17452, 20076, 20400, 21468, 23372, 24036, 24984, 25796] -> [3540, 4248, 4872, 5828, 6072, 14024, 17452, 17588, 20400, 23372, 24984, 25796]
  PROBLEM: BACKEND_RESTARTED_MID_ARM: [3540, 4248, 5828, 14024, 17452, 20076, 20400, 21468, 23372, 24036, 24984, 25796] -> [3540, 4248, 4872, 5828, 6072, 14024, 17452, 17588, 20400, 23372, 24984, 25796]
  PROBLEM: BACKEND_RESTARTED_MID_ARM: [3540, 4248, 5828, 14024, 17452, 20076, 20400, 21468, 23372, 24036, 24984, 25796] -> [3540, 4248, 4872, 5828, 6072, 14024, 17452, 17588, 20400, 23372, 24984, 25796]
  PROBLEM: BACKEND_RESTARTED_MID_ARM: [3540, 4248, 5828, 14024, 17452, 20076, 20400, 21468, 23372, 24036, 24984, 25796] -> [3540, 4248, 4872, 5828, 6072, 14024, 17452, 17588, 20400, 23372, 24984, 25796]
  PROBLEM: BACKEND_RESTARTED_MID_ARM: [3540, 4248, 5828, 14024, 17452, 20076, 20400, 21468, 23372, 24036, 24984, 25796] -> [3540, 4248, 5828, 6072, 14024, 17452, 17588, 20400, 23372, 24372, 24984, 25796]
  PROBLEM: BACKEND_RESTARTED_MID_ARM: [3540, 4248, 5828, 14024, 17452, 20076, 20400, 21468, 23372, 24036, 24984, 25796] -> [3540, 4248, 5828, 6072, 14024, 17452, 17588, 20400, 23372, 24372, 24984, 25796]
  PROBLEM: BACKEND_RESTARTED_MID_ARM: [3540, 4248, 5828, 14024, 17452, 20076, 20400, 21468, 23372, 24036, 24984, 25796] -> [3540, 4248, 5828, 6072, 14024, 17452, 17588, 20400, 23372, 24372, 24984, 25796]
  PROBLEM: BACKEND_RESTARTED_MID_ARM: [3540, 4248, 5828, 14024, 17452, 20076, 20400, 21468, 23372, 24036, 24984, 25796] -> [3540, 4248, 5828, 6072, 14024, 17452, 17588, 20400, 23372, 24372, 24984, 25796]
  PROBLEM: BACKEND_RESTARTED_MID_ARM: [3540, 4248, 5828, 14024, 17452, 20076, 20400, 21468, 23372, 24036, 24984, 25796] -> [3540, 4248, 5828, 6072, 14024, 17452, 17588, 20400, 23372, 24372, 24984, 25796]
  PROBLEM: BACKEND_RESTARTED_MID_ARM: [3540, 4248, 5828, 14024, 17452, 20076, 20400, 21468, 23372, 24036, 24984, 25796] -> [3540, 4248, 5828, 6072, 14024, 17452, 17588, 20400, 23372, 24372, 24984, 25796]
  PROBLEM: BACKEND_RESTARTED_MID_ARM: [3540, 4248, 5828, 14024, 17452, 20076, 20400, 21468, 23372, 24036, 24984, 25796] -> [3540, 4248, 5828, 6072, 14024, 17452, 17588, 20400, 23372, 24372, 24984, 25796]
  PROBLEM: BACKEND_RESTARTED_MID_ARM: [3540, 4248, 5828, 14024, 17452, 20076, 20400, 21468, 23372, 24036, 24984, 25796] -> [3540, 4248, 5828, 6072, 14024, 17452, 17588, 20400, 23372, 24372, 24984, 25796]
  PROBLEM: BACKEND_RESTARTED_MID_ARM: [3540, 4248, 5828, 14024, 17452, 20076, 20400, 21468, 23372, 24036, 24984, 25796] -> [3540, 4248, 5828, 6072, 14024, 17452, 17588, 20400, 23372, 24372, 24984, 25796]
  PROBLEM: BACKEND_RESTARTED_MID_ARM: [3540, 4248, 5828, 14024, 17452, 20076, 20400, 21468, 23372, 24036, 24984, 25796] -> [3540, 4248, 5828, 6072, 14024, 17452, 17588, 20400, 23372, 24372, 24984, 25796]
  PROBLEM: BACKEND_RESTARTED_MID_ARM: [3540, 4248, 5828, 14024, 17452, 20076, 20400, 21468, 23372, 24036, 24984, 25796] -> [3540, 4248, 5828, 6072, 14024, 17452, 17588, 20400, 23372, 24372, 24984, 25796]
  PROBLEM: BACKEND_RESTARTED_MID_ARM: [3540, 4248, 5828, 14024, 17452, 20076, 20400, 21468, 23372, 24036, 24984, 25796] -> [3540, 4248, 5828, 6072, 14024, 17452, 17588, 20400, 23372, 24372, 24984, 25796]
  PROBLEM: BACKEND_RESTARTED_MID_ARM: [3540, 4248, 5828, 14024, 17452, 20076, 20400, 21468, 23372, 24036, 24984, 25796] -> [3540, 4248, 5828, 6072, 14024, 17452, 17588, 20400, 23372, 24372, 24984, 25796]
  PROBLEM: BACKEND_RESTARTED_MID_ARM: [3540, 4248, 5828, 14024, 17452, 20076, 20400, 21468, 23372, 24036, 24984, 25796] -> [3540, 4248, 5828, 6072, 14024, 17452, 17588, 20400, 23372, 24372, 24984, 25796]
  PROBLEM: BACKEND_RESTARTED_MID_ARM: [3540, 4248, 5828, 14024, 17452, 20076, 20400, 21468, 23372, 24036, 24984, 25796] -> [3540, 4248, 5828, 6072, 14024, 17452, 17588, 20400, 23372, 24372, 24984, 25796]
  PROBLEM: BACKEND_RESTARTED_MID_ARM: [3540, 4248, 5828, 14024, 17452, 20076, 20400, 21468, 23372, 24036, 24984, 25796] -> [3540, 4248, 5828, 6072, 14024, 17452, 17588, 20400, 23372, 24372, 24984, 25796]
  PROBLEM: BACKEND_RESTARTED_MID_ARM: [3540, 4248, 5828, 14024, 17452, 20076, 20400, 21468, 23372, 24036, 24984, 25796] -> [3540, 4248, 5828, 6072, 14024, 17452, 17588, 20400, 23372, 24372, 24984, 25796]
  PROBLEM: BACKEND_RESTARTED_MID_ARM: [3540, 4248, 5828, 14024, 17452, 20076, 20400, 21468, 23372, 24036, 24984, 25796] -> [3540, 4248, 5828, 6072, 14024, 17452, 17588, 20400, 23372, 24372, 24984, 25796]
  PROBLEM: BACKEND_RESTARTED_MID_ARM: [3540, 4248, 5828, 14024, 17452, 20076, 20400, 21468, 23372, 24036, 24984, 25796] -> [3540, 4248, 5828, 14024, 17452, 17588, 20400, 23372, 24372, 24984, 25796, 26044]
  PROBLEM: BACKEND_RESTARTED_MID_ARM: [3540, 4248, 5828, 14024, 17452, 20076, 20400, 21468, 23372, 24036, 24984, 25796] -> [3540, 4248, 5828, 14024, 17452, 17588, 20400, 23372, 24372, 24984, 25796, 26044]
  PROBLEM: BACKEND_RESTARTED_MID_ARM: [3540, 4248, 5828, 14024, 17452, 20076, 20400, 21468, 23372, 24036, 24984, 25796] -> [3540, 4248, 5828, 14024, 17452, 17588, 20400, 23372, 24372, 24984, 25796, 26044]
  PROBLEM: BACKEND_RESTARTED_MID_ARM: [3540, 4248, 5828, 14024, 17452, 20076, 20400, 21468, 23372, 24036, 24984, 25796] -> [3540, 4248, 5828, 14024, 17452, 17588, 20400, 23372, 24372, 24984, 25796, 26044]
  PROBLEM: BACKEND_RESTARTED_MID_ARM: [3540, 4248, 5828, 14024, 17452, 20076, 20400, 21468, 23372, 24036, 24984, 25796] -> [3540, 4248, 5828, 14024, 17452, 17588, 20400, 23372, 24372, 24984, 25796, 26044]
  PROBLEM: BACKEND_RESTARTED_MID_ARM: [3540, 4248, 5828, 14024, 17452, 20076, 20400, 21468, 23372, 24036, 24984, 25796] -> [3540, 4248, 5828, 14024, 17452, 17588, 20400, 23372, 24372, 24984, 25796, 26044]
  PROBLEM: BACKEND_RESTARTED_MID_ARM: [3540, 4248, 5828, 14024, 17452, 20076, 20400, 21468, 23372, 24036, 24984, 25796] -> [3540, 4248, 5828, 14024, 17452, 17588, 20400, 23372, 24372, 24984, 25796, 26044]
  PROBLEM: BACKEND_RESTARTED_MID_ARM: [3540, 4248, 5828, 14024, 17452, 20076, 20400, 21468, 23372, 24036, 24984, 25796] -> [3540, 4248, 5828, 14024, 17452, 17588, 20400, 23372, 24372, 24984, 25796, 26044]
  PROBLEM: BACKEND_RESTARTED_MID_ARM: [3540, 4248, 5828, 14024, 17452, 20076, 20400, 21468, 23372, 24036, 24984, 25796] -> [3540, 4248, 5828, 14024, 17452, 17588, 20400, 23372, 24372, 24984, 25796, 26044]
  PROBLEM: BACKEND_RESTARTED_MID_ARM: [3540, 4248, 5828, 14024, 17452, 20076, 20400, 21468, 23372, 24036, 24984, 25796] -> [3540, 4248, 5828, 14024, 17452, 17588, 20400, 23372, 24372, 24984, 25796, 26044]
  PROBLEM: BACKEND_RESTARTED_MID_ARM: [3540, 4248, 5828, 14024, 17452, 20076, 20400, 21468, 23372, 24036, 24984, 25796] -> [3540, 4248, 5828, 14024, 17452, 17588, 20400, 23372, 24372, 24984, 25796, 26044]
  PROBLEM: BACKEND_RESTARTED_MID_ARM: [3540, 4248, 5828, 14024, 17452, 20076, 20400, 21468, 23372, 24036, 24984, 25796] -> [3540, 4248, 5828, 14024, 17452, 17588, 20400, 23372, 24372, 24984, 25796, 26044]
  PROBLEM: BACKEND_RESTARTED_MID_ARM: [3540, 4248, 5828, 14024, 17452, 20076, 20400, 21468, 23372, 24036, 24984, 25796] -> [3540, 4248, 5828, 14024, 17452, 17588, 20400, 23372, 24372, 24984, 25796, 26044]
  PROBLEM: BACKEND_RESTARTED_MID_ARM: [3540, 4248, 5828, 14024, 17452, 20076, 20400, 21468, 23372, 24036, 24984, 25796] -> [3540, 4248, 5828, 14024, 17452, 17588, 20400, 23372, 24372, 24984, 25796, 26044]
  PROBLEM: BACKEND_RESTARTED_MID_ARM: [3540, 4248, 5828, 14024, 17452, 20076, 20400, 21468, 23372, 24036, 24984, 25796] -> [3540, 4248, 5828, 14024, 17452, 17588, 20400, 23372, 24372, 24984, 25796, 26044]
  PROBLEM: BACKEND_RESTARTED_MID_ARM: [3540, 4248, 5828, 14024, 17452, 20076, 20400, 21468, 23372, 24036, 24984, 25796] -> [3540, 4248, 5828, 14024, 17452, 17588, 20400, 23372, 24372, 24984, 25796, 26044]
  PROBLEM: BACKEND_RESTARTED_MID_ARM: [3540, 4248, 5828, 14024, 17452, 20076, 20400, 21468, 23372, 24036, 24984, 25796] -> [3540, 4248, 5828, 14024, 17452, 17588, 20400, 23372, 24372, 24984, 25796, 26044]
  PROBLEM: BACKEND_RESTARTED_MID_ARM: [3540, 4248, 5828, 14024, 17452, 20076, 20400, 21468, 23372, 24036, 24984, 25796] -> [3540, 4248, 5828, 14024, 17452, 20400, 23372, 23716, 24372, 24984, 25796, 26044]
  PROBLEM: BACKEND_RESTARTED_MID_ARM: [3540, 4248, 5828, 14024, 17452, 20076, 20400, 21468, 23372, 24036, 24984, 25796] -> [3540, 4248, 5828, 14024, 17452, 20400, 23372, 23716, 24372, 24984, 25796, 26044]
  PROBLEM: BACKEND_RESTARTED_MID_ARM: [3540, 4248, 5828, 14024, 17452, 20076, 20400, 21468, 23372, 24036, 24984, 25796] -> [3540, 4248, 5828, 14024, 17452, 20400, 23372, 23716, 24372, 24984, 25796, 26044]
  PROBLEM: BACKEND_RESTARTED_MID_ARM: [3540, 4248, 5828, 14024, 17452, 20076, 20400, 21468, 23372, 24036, 24984, 25796] -> [3540, 4248, 5828, 14024, 17452, 20400, 23372, 23716, 24372, 24984, 25796, 26044]
  PROBLEM: BACKEND_RESTARTED_MID_ARM: [3540, 4248, 5828, 14024, 17452, 20076, 20400, 21468, 23372, 24036, 24984, 25796] -> [3540, 4248, 5828, 14024, 17452, 20400, 23372, 23716, 24372, 24984, 25796, 26044]
  PROBLEM: BACKEND_RESTARTED_MID_ARM: [3540, 4248, 5828, 14024, 17452, 20076, 20400, 21468, 23372, 24036, 24984, 25796] -> [3540, 4248, 5828, 14024, 17452, 20400, 23372, 23716, 24372, 24984, 25796, 26044]
  PROBLEM: BACKEND_RESTARTED_MID_ARM: [3540, 4248, 5828, 14024, 17452, 20076, 20400, 21468, 23372, 24036, 24984, 25796] -> [3540, 4248, 5828, 14024, 17452, 20400, 23372, 23716, 24372, 24984, 25796, 26044]
  PROBLEM: BACKEND_RESTARTED_MID_ARM: [3540, 4248, 5828, 14024, 17452, 20076, 20400, 21468, 23372, 24036, 24984, 25796] -> [3540, 4248, 5828, 14024, 17452, 20400, 23372, 23716, 24372, 24984, 25796, 26044]
  PROBLEM: BACKEND_RESTARTED_MID_ARM: [3540, 4248, 5828, 14024, 17452, 20076, 20400, 21468, 23372, 24036, 24984, 25796] -> [3540, 4248, 5828, 14024, 17452, 20400, 23372, 23716, 24372, 24984, 25796, 26044]
  PROBLEM: BACKEND_RESTARTED_MID_ARM: [3540, 4248, 5828, 14024, 17452, 20076, 20400, 21468, 23372, 24036, 24984, 25796] -> [3540, 4248, 5828, 14024, 17452, 20400, 23372, 23716, 24372, 24984, 25796, 26044]
  PROBLEM: BACKEND_RESTARTED_MID_ARM: [3540, 4248, 5828, 14024, 17452, 20076, 20400, 21468, 23372, 24036, 24984, 25796] -> [3540, 4248, 5828, 14024, 17452, 20400, 23372, 23716, 24372, 24984, 25796, 26044]
  PROBLEM: BACKEND_RESTARTED_MID_ARM: [3540, 4248, 5828, 14024, 17452, 20076, 20400, 21468, 23372, 24036, 24984, 25796] -> [3540, 4248, 5828, 14024, 17452, 20400, 23372, 23716, 24372, 24984, 25796, 26044]
  PROBLEM: BACKEND_RESTARTED_MID_ARM: [3540, 4248, 5828, 14024, 17452, 20076, 20400, 21468, 23372, 24036, 24984, 25796] -> [3540, 4248, 5828, 14024, 17452, 20400, 23372, 23716, 24372, 24984, 25796, 26044]
  PROBLEM: BACKEND_RESTARTED_MID_ARM: [3540, 4248, 5828, 14024, 17452, 20076, 20400, 21468, 23372, 24036, 24984, 25796] -> [3540, 4248, 5828, 14024, 17452, 20400, 23372, 23716, 24372, 24984, 25796, 26044]
  PROBLEM: BACKEND_RESTARTED_MID_ARM: [3540, 4248, 5828, 14024, 17452, 20076, 20400, 21468, 23372, 24036, 24984, 25796] -> [3540, 4248, 5828, 14024, 17452, 20400, 23372, 23716, 24372, 24984, 25796, 26044]
  PROBLEM: BACKEND_RESTARTED_MID_ARM: [3540, 4248, 5828, 14024, 17452, 20076, 20400, 21468, 23372, 24036, 24984, 25796] -> [3540, 4248, 5828, 14024, 17452, 20400, 23372, 23716, 24372, 24984, 25796, 26044]
  PROBLEM: BACKEND_RESTARTED_MID_ARM: [3540, 4248, 5828, 14024, 17452, 20076, 20400, 21468, 23372, 24036, 24984, 25796] -> [3540, 4248, 5828, 14024, 17452, 20400, 23372, 23716, 24984, 25796, 26044]
  PROBLEM: BACKEND_RESTARTED_MID_ARM: [3540, 4248, 5828, 14024, 17452, 20076, 20400, 21468, 23372, 24036, 24984, 25796] -> [3540, 4248, 5828, 14024, 17452, 20400, 21848, 23372, 23716, 24984, 25796, 26044]
  PROBLEM: BACKEND_RESTARTED_MID_ARM: [3540, 4248, 5828, 14024, 17452, 20076, 20400, 21468, 23372, 24036, 24984, 25796] -> [3540, 4248, 5828, 14024, 17452, 20400, 21848, 23372, 23716, 24984, 25796, 26044]
  PROBLEM: BACKEND_RESTARTED_MID_ARM: [3540, 4248, 5828, 14024, 17452, 20076, 20400, 21468, 23372, 24036, 24984, 25796] -> [3540, 4248, 5828, 14024, 17452, 20400, 21848, 23372, 23716, 24984, 25796, 26044]
  PROBLEM: BACKEND_RESTARTED_MID_ARM: [3540, 4248, 5828, 14024, 17452, 20076, 20400, 21468, 23372, 24036, 24984, 25796] -> [3540, 4248, 5828, 14024, 17452, 20400, 21848, 23372, 23716, 24984, 25796, 26044]
  PROBLEM: BACKEND_RESTARTED_MID_ARM: [3540, 4248, 5828, 14024, 17452, 20076, 20400, 21468, 23372, 24036, 24984, 25796] -> [3540, 4248, 5828, 14024, 17452, 20400, 21848, 23372, 23716, 24984, 25796, 26044]
  PROBLEM: BACKEND_RESTARTED_MID_ARM: [3540, 4248, 5828, 14024, 17452, 20076, 20400, 21468, 23372, 24036, 24984, 25796] -> [3540, 4248, 5828, 14024, 17452, 20400, 21848, 23372, 23716, 24984, 25796, 26044]
  PROBLEM: BACKEND_RESTARTED_MID_ARM: [3540, 4248, 5828, 14024, 17452, 20076, 20400, 21468, 23372, 24036, 24984, 25796] -> [3540, 4248, 5828, 14024, 17452, 20400, 21848, 23372, 23716, 24984, 25796, 26044]
  PROBLEM: BACKEND_RESTARTED_MID_ARM: [3540, 4248, 5828, 14024, 17452, 20076, 20400, 21468, 23372, 24036, 24984, 25796] -> [3540, 4248, 5828, 14024, 17452, 20400, 21848, 23372, 23716, 24984, 25796, 26044]
  PROBLEM: BACKEND_RESTARTED_MID_ARM: [3540, 4248, 5828, 14024, 17452, 20076, 20400, 21468, 23372, 24036, 24984, 25796] -> [3540, 4248, 5828, 14024, 17452, 20400, 21848, 23372, 23716, 24984, 25796, 26044]
  PROBLEM: BACKEND_RESTARTED_MID_ARM: [3540, 4248, 5828, 14024, 17452, 20076, 20400, 21468, 23372, 24036, 24984, 25796] -> [3540, 4248, 5828, 14024, 17452, 20400, 21848, 23372, 23716, 24984, 25796, 26044]
  PROBLEM: BACKEND_RESTARTED_MID_ARM: [3540, 4248, 5828, 14024, 17452, 20076, 20400, 21468, 23372, 24036, 24984, 25796] -> [3540, 4248, 5828, 14024, 17452, 20400, 21848, 23372, 23716, 24984, 25796, 26044]
  PROBLEM: BACKEND_RESTARTED_MID_ARM: [3540, 4248, 5828, 14024, 17452, 20076, 20400, 21468, 23372, 24036, 24984, 25796] -> [3540, 4248, 5828, 14024, 17452, 20400, 21848, 23372, 23716, 24984, 25796, 26044]
  PROBLEM: BACKEND_RESTARTED_MID_ARM: [3540, 4248, 5828, 14024, 17452, 20076, 20400, 21468, 23372, 24036, 24984, 25796] -> [3540, 4248, 5828, 14024, 17452, 20400, 21848, 23372, 23716, 24984, 25796, 26044]
  PROBLEM: BACKEND_RESTARTED_MID_ARM: [3540, 4248, 5828, 14024, 17452, 20076, 20400, 21468, 23372, 24036, 24984, 25796] -> [3540, 4248, 5828, 14024, 17452, 20400, 21848, 23372, 23716, 24984, 25796, 26044]
  PROBLEM: BACKEND_RESTARTED_MID_ARM: [3540, 4248, 5828, 14024, 17452, 20076, 20400, 21468, 23372, 24036, 24984, 25796] -> [3540, 4248, 5828, 14024, 17452, 20400, 21848, 23372, 23716, 24984, 25796, 26044]
  PROBLEM: BACKEND_RESTARTED_MID_ARM: [3540, 4248, 5828, 14024, 17452, 20076, 20400, 21468, 23372, 24036, 24984, 25796] -> [3540, 4248, 5828, 14024, 17452, 20400, 21848, 23372, 23716, 24984, 25796, 26044]
  PROBLEM: BACKEND_RESTARTED_MID_ARM: [3540, 4248, 5828, 14024, 17452, 20076, 20400, 21468, 23372, 24036, 24984, 25796] -> [3540, 4248, 5828, 14024, 17452, 20400, 21848, 23372, 23716, 24984, 25796, 26044]
  PROBLEM: BACKEND_RESTARTED_MID_ARM: [3540, 4248, 5828, 14024, 17452, 20076, 20400, 21468, 23372, 24036, 24984, 25796] -> [3540, 4248, 5828, 14024, 17452, 20400, 21848, 21968, 23372, 23716, 24984, 25796]
  PROBLEM: BACKEND_RESTARTED_MID_ARM: [3540, 4248, 5828, 14024, 17452, 20076, 20400, 21468, 23372, 24036, 24984, 25796] -> [3540, 4248, 5828, 14024, 17452, 20400, 21848, 21968, 23372, 23716, 24984, 25796]
  PROBLEM: BACKEND_RESTARTED_MID_ARM: [3540, 4248, 5828, 14024, 17452, 20076, 20400, 21468, 23372, 24036, 24984, 25796] -> [3540, 4248, 5828, 14024, 17452, 20400, 21848, 21968, 23372, 23716, 24984, 25796]
  PROBLEM: BACKEND_RESTARTED_MID_ARM: [3540, 4248, 5828, 14024, 17452, 20076, 20400, 21468, 23372, 24036, 24984, 25796] -> [3540, 4248, 5828, 14024, 17452, 20400, 21848, 21968, 23372, 23716, 24984, 25796]
  PROBLEM: BACKEND_RESTARTED_MID_ARM: [3540, 4248, 5828, 14024, 17452, 20076, 20400, 21468, 23372, 24036, 24984, 25796] -> [3540, 4248, 5828, 14024, 17452, 20400, 21848, 21968, 23372, 23716, 24984, 25796]
  PROBLEM: BACKEND_RESTARTED_MID_ARM: [3540, 4248, 5828, 14024, 17452, 20076, 20400, 21468, 23372, 24036, 24984, 25796] -> [3540, 4248, 5828, 14024, 17452, 20400, 21848, 21968, 23372, 23716, 24984, 25796]
  PROBLEM: BACKEND_RESTARTED_MID_ARM: [3540, 4248, 5828, 14024, 17452, 20076, 20400, 21468, 23372, 24036, 24984, 25796] -> [3540, 4248, 5828, 14024, 17452, 20400, 21848, 21968, 23372, 23716, 24984, 25796]
  PROBLEM: BACKEND_RESTARTED_MID_ARM: [3540, 4248, 5828, 14024, 17452, 20076, 20400, 21468, 23372, 24036, 24984, 25796] -> [3540, 4248, 5828, 14024, 17452, 20400, 21848, 21968, 23372, 23716, 24984, 25796]
  PROBLEM: BACKEND_RESTARTED_MID_ARM: [3540, 4248, 5828, 14024, 17452, 20076, 20400, 21468, 23372, 24036, 24984, 25796] -> [3540, 4248, 5828, 14024, 17452, 20400, 21848, 21968, 23372, 23716, 24984, 25796]
  PROBLEM: BACKEND_RESTARTED_MID_ARM: [3540, 4248, 5828, 14024, 17452, 20076, 20400, 21468, 23372, 24036, 24984, 25796] -> [3540, 4248, 5828, 14024, 17452, 20400, 21848, 21968, 23372, 23716, 24984, 25796]
  PROBLEM: BACKEND_RESTARTED_MID_ARM: [3540, 4248, 5828, 14024, 17452, 20076, 20400, 21468, 23372, 24036, 24984, 25796] -> [3540, 4248, 5828, 14024, 17452, 20400, 21848, 21968, 23372, 23716, 24984, 25796]
  PROBLEM: BACKEND_RESTARTED_MID_ARM: [3540, 4248, 5828, 14024, 17452, 20076, 20400, 21468, 23372, 24036, 24984, 25796] -> [3540, 4248, 5828, 14024, 17452, 20400, 21848, 21968, 23372, 23716, 24984, 25796]
  PROBLEM: BACKEND_RESTARTED_MID_ARM: [3540, 4248, 5828, 14024, 17452, 20076, 20400, 21468, 23372, 24036, 24984, 25796] -> [3540, 4248, 5828, 14024, 17452, 20400, 21848, 21968, 23372, 23716, 24984, 25796]
  PROBLEM: BACKEND_RESTARTED_MID_ARM: [3540, 4248, 5828, 14024, 17452, 20076, 20400, 21468, 23372, 24036, 24984, 25796] -> [3540, 4248, 5828, 14024, 17452, 20400, 21848, 21968, 23372, 23716, 24984, 25796]
  PROBLEM: BACKEND_RESTARTED_MID_ARM: [3540, 4248, 5828, 14024, 17452, 20076, 20400, 21468, 23372, 24036, 24984, 25796] -> [3540, 4248, 5828, 14024, 17452, 20400, 21848, 21968, 23372, 23716, 24984, 25796]
  PROBLEM: BACKEND_RESTARTED_MID_ARM: [3540, 4248, 5828, 14024, 17452, 20076, 20400, 21468, 23372, 24036, 24984, 25796] -> [3540, 4248, 5828, 14024, 17452, 20400, 21848, 21968, 23372, 23716, 24984, 25796]
  PROBLEM: BACKEND_RESTARTED_MID_ARM: [3540, 4248, 5828, 14024, 17452, 20076, 20400, 21468, 23372, 24036, 24984, 25796] -> [3540, 4248, 5828, 14024, 17452, 20400, 21848, 21968, 23372, 23716, 24984, 25796]
  PROBLEM: BACKEND_RESTARTED_MID_ARM: [3540, 4248, 5828, 14024, 17452, 20076, 20400, 21468, 23372, 24036, 24984, 25796] -> [3540, 4248, 5828, 14024, 17452, 20400, 21848, 21968, 23208, 23372, 24984, 25796]
  PROBLEM: BACKEND_RESTARTED_MID_ARM: [3540, 4248, 5828, 14024, 17452, 20076, 20400, 21468, 23372, 24036, 24984, 25796] -> [3540, 4248, 5828, 14024, 17452, 20400, 21848, 21968, 23208, 23372, 24984, 25796]
  PROBLEM: BACKEND_RESTARTED_MID_ARM: [3540, 4248, 5828, 14024, 17452, 20076, 20400, 21468, 23372, 24036, 24984, 25796] -> [3540, 4248, 5828, 14024, 17452, 20400, 21848, 21968, 23208, 23372, 24984, 25796]
  PROBLEM: BACKEND_RESTARTED_MID_ARM: [3540, 4248, 5828, 14024, 17452, 20076, 20400, 21468, 23372, 24036, 24984, 25796] -> [3540, 4248, 5828, 14024, 17452, 20400, 21848, 21968, 23208, 23372, 24984, 25796]
  PROBLEM: BACKEND_RESTARTED_MID_ARM: [3540, 4248, 5828, 14024, 17452, 20076, 20400, 21468, 23372, 24036, 24984, 25796] -> [3540, 4248, 5828, 14024, 17452, 20400, 21848, 21968, 23208, 23372, 24984, 25796]
  PROBLEM: BACKEND_RESTARTED_MID_ARM: [3540, 4248, 5828, 14024, 17452, 20076, 20400, 21468, 23372, 24036, 24984, 25796] -> [3540, 4248, 5828, 14024, 17452, 20400, 21848, 21968, 23208, 23372, 24984, 25796]
  PROBLEM: BACKEND_RESTARTED_MID_ARM: [3540, 4248, 5828, 14024, 17452, 20076, 20400, 21468, 23372, 24036, 24984, 25796] -> [3540, 4248, 5828, 14024, 17452, 20400, 21848, 21968, 23208, 23372, 24984, 25796]
  PROBLEM: BACKEND_RESTARTED_MID_ARM: [3540, 4248, 5828, 14024, 17452, 20076, 20400, 21468, 23372, 24036, 24984, 25796] -> [3540, 4248, 5828, 14024, 17452, 20400, 21848, 21968, 23208, 23372, 24984, 25796]
  PROBLEM: BACKEND_RESTARTED_MID_ARM: [3540, 4248, 5828, 14024, 17452, 20076, 20400, 21468, 23372, 24036, 24984, 25796] -> [3540, 4248, 5828, 14024, 17452, 20400, 21848, 21968, 23208, 23372, 24984, 25796]
  PROBLEM: BACKEND_RESTARTED_MID_ARM: [3540, 4248, 5828, 14024, 17452, 20076, 20400, 21468, 23372, 24036, 24984, 25796] -> [3540, 4248, 5828, 14024, 17452, 20400, 21848, 21968, 23208, 23372, 24984, 25796]
  PROBLEM: BACKEND_RESTARTED_MID_ARM: [3540, 4248, 5828, 14024, 17452, 20076, 20400, 21468, 23372, 24036, 24984, 25796] -> [3540, 4248, 5828, 14024, 17452, 20400, 21848, 21968, 23208, 23372, 24984, 25796]
  PROBLEM: BACKEND_RESTARTED_MID_ARM: [3540, 4248, 5828, 14024, 17452, 20076, 20400, 21468, 23372, 24036, 24984, 25796] -> [3540, 4248, 5828, 14024, 17452, 20400, 21848, 21968, 23208, 23372, 24984, 25796]
  PROBLEM: BACKEND_RESTARTED_MID_ARM: [3540, 4248, 5828, 14024, 17452, 20076, 20400, 21468, 23372, 24036, 24984, 25796] -> [3540, 4248, 5828, 14024, 17452, 20400, 21848, 21968, 23208, 23372, 24984, 25796]
  PROBLEM: BACKEND_RESTARTED_MID_ARM: [3540, 4248, 5828, 14024, 17452, 20076, 20400, 21468, 23372, 24036, 24984, 25796] -> [3540, 4248, 5828, 14024, 17452, 20400, 21848, 21968, 23208, 23372, 24984, 25796]
  PROBLEM: BACKEND_RESTARTED_MID_ARM: [3540, 4248, 5828, 14024, 17452, 20076, 20400, 21468, 23372, 24036, 24984, 25796] -> [3540, 4248, 5828, 14024, 17452, 20400, 21848, 21968, 23208, 23372, 24984, 25796]
  PROBLEM: BACKEND_RESTARTED_MID_ARM: [3540, 4248, 5828, 14024, 17452, 20076, 20400, 21468, 23372, 24036, 24984, 25796] -> [3540, 4248, 5828, 14024, 17452, 20400, 21848, 21968, 23208, 23372, 24984, 25796]
  PROBLEM: BACKEND_RESTARTED_MID_ARM: [3540, 4248, 5828, 14024, 17452, 20076, 20400, 21468, 23372, 24036, 24984, 25796] -> [3540, 4248, 5828, 14024, 17452, 20400, 21848, 21968, 23208, 23372, 24984, 25796]
  PROBLEM: BACKEND_RESTARTED_MID_ARM: [3540, 4248, 5828, 14024, 17452, 20076, 20400, 21468, 23372, 24036, 24984, 25796] -> [972, 3540, 4248, 5828, 14024, 17452, 20400, 21968, 23208, 23372, 24984, 25796]
  PROBLEM: BACKEND_RESTARTED_MID_ARM: [3540, 4248, 5828, 14024, 17452, 20076, 20400, 21468, 23372, 24036, 24984, 25796] -> [972, 3540, 4248, 5828, 14024, 17452, 20400, 21968, 23208, 23372, 24984, 25796]
  PROBLEM: BACKEND_RESTARTED_MID_ARM: [3540, 4248, 5828, 14024, 17452, 20076, 20400, 21468, 23372, 24036, 24984, 25796] -> [972, 3540, 4248, 5828, 14024, 17452, 20400, 21968, 23208, 23372, 24984, 25796]
  PROBLEM: BACKEND_RESTARTED_MID_ARM: [3540, 4248, 5828, 14024, 17452, 20076, 20400, 21468, 23372, 24036, 24984, 25796] -> [972, 3540, 4248, 5828, 14024, 17452, 20400, 21968, 23208, 23372, 24984, 25796]
  PROBLEM: BACKEND_RESTARTED_MID_ARM: [3540, 4248, 5828, 14024, 17452, 20076, 20400, 21468, 23372, 24036, 24984, 25796] -> [972, 3540, 4248, 5828, 14024, 17452, 20400, 21968, 23208, 23372, 24984, 25796]
  PROBLEM: BACKEND_RESTARTED_MID_ARM: [3540, 4248, 5828, 14024, 17452, 20076, 20400, 21468, 23372, 24036, 24984, 25796] -> [972, 3540, 4248, 5828, 14024, 17452, 20400, 21968, 23208, 23372, 24984, 25796]
  PROBLEM: BACKEND_RESTARTED_MID_ARM: [3540, 4248, 5828, 14024, 17452, 20076, 20400, 21468, 23372, 24036, 24984, 25796] -> [972, 3540, 4248, 5828, 14024, 17452, 20400, 21968, 23208, 23372, 24984, 25796]
  PROBLEM: BACKEND_RESTARTED_MID_ARM: [3540, 4248, 5828, 14024, 17452, 20076, 20400, 21468, 23372, 24036, 24984, 25796] -> [972, 3540, 4248, 5828, 14024, 17452, 20400, 21968, 23208, 23372, 24984, 25796]
  PROBLEM: BACKEND_RESTARTED_MID_ARM: [3540, 4248, 5828, 14024, 17452, 20076, 20400, 21468, 23372, 24036, 24984, 25796] -> [972, 3540, 4248, 5828, 14024, 17452, 20400, 21968, 23208, 23372, 24984, 25796]
  PROBLEM: BACKEND_RESTARTED_MID_ARM: [3540, 4248, 5828, 14024, 17452, 20076, 20400, 21468, 23372, 24036, 24984, 25796] -> [972, 3540, 4248, 5828, 14024, 17452, 20400, 21968, 23208, 23372, 24984, 25796]
  PROBLEM: BACKEND_RESTARTED_MID_ARM: [3540, 4248, 5828, 14024, 17452, 20076, 20400, 21468, 23372, 24036, 24984, 25796] -> [972, 3540, 4248, 5828, 14024, 17452, 20400, 21968, 23208, 23372, 24984, 25796]
  PROBLEM: BACKEND_RESTARTED_MID_ARM: [3540, 4248, 5828, 14024, 17452, 20076, 20400, 21468, 23372, 24036, 24984, 25796] -> [972, 3540, 4248, 5828, 14024, 17452, 20400, 21968, 23208, 23372, 24984, 25796]
  PROBLEM: BACKEND_RESTARTED_MID_ARM: [3540, 4248, 5828, 14024, 17452, 20076, 20400, 21468, 23372, 24036, 24984, 25796] -> [972, 3540, 4248, 5828, 14024, 17452, 20400, 21968, 23208, 23372, 24984, 25796]
  PROBLEM: BACKEND_RESTARTED_MID_ARM: [3540, 4248, 5828, 14024, 17452, 20076, 20400, 21468, 23372, 24036, 24984, 25796] -> [972, 3540, 4248, 5828, 14024, 17452, 20400, 21968, 23208, 23372, 24984, 25796]
  PROBLEM: BACKEND_RESTARTED_MID_ARM: [3540, 4248, 5828, 14024, 17452, 20076, 20400, 21468, 23372, 24036, 24984, 25796] -> [972, 3540, 4248, 5828, 14024, 17452, 20400, 21968, 23208, 23372, 24984, 25796]
  PROBLEM: BACKEND_RESTARTED_MID_ARM: [3540, 4248, 5828, 14024, 17452, 20076, 20400, 21468, 23372, 24036, 24984, 25796] -> [972, 3540, 4248, 5828, 14024, 17452, 20400, 21968, 23208, 23372, 24984, 25796]
  PROBLEM: BACKEND_RESTARTED_MID_ARM: [3540, 4248, 5828, 14024, 17452, 20076, 20400, 21468, 23372, 24036, 24984, 25796] -> [972, 3540, 4248, 5828, 14024, 17452, 20400, 21968, 23208, 23372, 24984, 25796]
  PROBLEM: BACKEND_RESTARTED_MID_ARM: [3540, 4248, 5828, 14024, 17452, 20076, 20400, 21468, 23372, 24036, 24984, 25796] -> [972, 3540, 4248, 5828, 14024, 17452, 20400, 23208, 23372, 24960, 24984, 25796]
  PROBLEM: BACKEND_RESTARTED_MID_ARM: [3540, 4248, 5828, 14024, 17452, 20076, 20400, 21468, 23372, 24036, 24984, 25796] -> [972, 3540, 4248, 5828, 14024, 17452, 20400, 23208, 23372, 24960, 24984, 25796]
  PROBLEM: BACKEND_RESTARTED_MID_ARM: [3540, 4248, 5828, 14024, 17452, 20076, 20400, 21468, 23372, 24036, 24984, 25796] -> [972, 3540, 4248, 5828, 14024, 17452, 20400, 23208, 23372, 24960, 24984, 25796]
  PROBLEM: BACKEND_RESTARTED_MID_ARM: [3540, 4248, 5828, 14024, 17452, 20076, 20400, 21468, 23372, 24036, 24984, 25796] -> [972, 3540, 4248, 5828, 14024, 17452, 20400, 23208, 23372, 24960, 24984, 25796]
  PROBLEM: BACKEND_RESTARTED_MID_ARM: [3540, 4248, 5828, 14024, 17452, 20076, 20400, 21468, 23372, 24036, 24984, 25796] -> [972, 3540, 4248, 5828, 14024, 17452, 20400, 23208, 23372, 24960, 24984, 25796]
  PROBLEM: BACKEND_RESTARTED_MID_ARM: [3540, 4248, 5828, 14024, 17452, 20076, 20400, 21468, 23372, 24036, 24984, 25796] -> [972, 3540, 4248, 5828, 14024, 17452, 20400, 23208, 23372, 24960, 24984, 25796]
  PROBLEM: BACKEND_RESTARTED_MID_ARM: [3540, 4248, 5828, 14024, 17452, 20076, 20400, 21468, 23372, 24036, 24984, 25796] -> [972, 3540, 4248, 5828, 14024, 17452, 20400, 23208, 23372, 24960, 24984, 25796]
  PROBLEM: BACKEND_RESTARTED_MID_ARM: [3540, 4248, 5828, 14024, 17452, 20076, 20400, 21468, 23372, 24036, 24984, 25796] -> [972, 3540, 4248, 5828, 14024, 17452, 20400, 23208, 23372, 24960, 24984, 25796]
  PROBLEM: BACKEND_RESTARTED_MID_ARM: [3540, 4248, 5828, 14024, 17452, 20076, 20400, 21468, 23372, 24036, 24984, 25796] -> [972, 3540, 4248, 5828, 14024, 17452, 20400, 23208, 23372, 24960, 24984, 25796]
  PROBLEM: BACKEND_RESTARTED_MID_ARM: [3540, 4248, 5828, 14024, 17452, 20076, 20400, 21468, 23372, 24036, 24984, 25796] -> [972, 3540, 4248, 5828, 14024, 17452, 20400, 23208, 23372, 24960, 24984, 25796]
  PROBLEM: BACKEND_RESTARTED_MID_ARM: [3540, 4248, 5828, 14024, 17452, 20076, 20400, 21468, 23372, 24036, 24984, 25796] -> [972, 3540, 4248, 5828, 14024, 17452, 20400, 23208, 23372, 24960, 24984, 25796]
  PROBLEM: BACKEND_RESTARTED_MID_ARM: [3540, 4248, 5828, 14024, 17452, 20076, 20400, 21468, 23372, 24036, 24984, 25796] -> [972, 3540, 4248, 5828, 14024, 17452, 20400, 23208, 23372, 24960, 24984, 25796]
  PROBLEM: BACKEND_RESTARTED_MID_ARM: [3540, 4248, 5828, 14024, 17452, 20076, 20400, 21468, 23372, 24036, 24984, 25796] -> [972, 3540, 4248, 5828, 14024, 17452, 20400, 23208, 23372, 24960, 24984, 25796]
  PROBLEM: BACKEND_RESTARTED_MID_ARM: [3540, 4248, 5828, 14024, 17452, 20076, 20400, 21468, 23372, 24036, 24984, 25796] -> [972, 3540, 4248, 5828, 14024, 17452, 20400, 23208, 23372, 24960, 24984, 25796]
  PROBLEM: BACKEND_RESTARTED_MID_ARM: [3540, 4248, 5828, 14024, 17452, 20076, 20400, 21468, 23372, 24036, 24984, 25796] -> [972, 3540, 4248, 5828, 14024, 17452, 20400, 23208, 23372, 24960, 24984, 25796]
  PROBLEM: BACKEND_RESTARTED_MID_ARM: [3540, 4248, 5828, 14024, 17452, 20076, 20400, 21468, 23372, 24036, 24984, 25796] -> [972, 3540, 4248, 5828, 14024, 17452, 20400, 23208, 23372, 24960, 24984, 25796]
  PROBLEM: BACKEND_RESTARTED_MID_ARM: [3540, 4248, 5828, 14024, 17452, 20076, 20400, 21468, 23372, 24036, 24984, 25796] -> [972, 3540, 4248, 5828, 14024, 17452, 20400, 23208, 23372, 24960, 24984, 25796]
  PROBLEM: BACKEND_RESTARTED_MID_ARM: [3540, 4248, 5828, 14024, 17452, 20076, 20400, 21468, 23372, 24036, 24984, 25796] -> [972, 3540, 4248, 5828, 14024, 17452, 20400, 22068, 23372, 24960, 24984, 25796]
  PROBLEM: BACKEND_RESTARTED_MID_ARM: [3540, 4248, 5828, 14024, 17452, 20076, 20400, 21468, 23372, 24036, 24984, 25796] -> [972, 3540, 4248, 5828, 14024, 17452, 20400, 22068, 23372, 24960, 24984, 25796]
  PROBLEM: BACKEND_RESTARTED_MID_ARM: [3540, 4248, 5828, 14024, 17452, 20076, 20400, 21468, 23372, 24036, 24984, 25796] -> [972, 3540, 4248, 5828, 14024, 17452, 20400, 22068, 23372, 24960, 24984, 25796]
  PROBLEM: BACKEND_RESTARTED_MID_ARM: [3540, 4248, 5828, 14024, 17452, 20076, 20400, 21468, 23372, 24036, 24984, 25796] -> [972, 3540, 4248, 5828, 14024, 17452, 20400, 22068, 23372, 24960, 24984, 25796]
  PROBLEM: BACKEND_RESTARTED_MID_ARM: [3540, 4248, 5828, 14024, 17452, 20076, 20400, 21468, 23372, 24036, 24984, 25796] -> [972, 3540, 4248, 5828, 14024, 17452, 20400, 22068, 23372, 24960, 24984, 25796]
  PROBLEM: BACKEND_RESTARTED_MID_ARM: [3540, 4248, 5828, 14024, 17452, 20076, 20400, 21468, 23372, 24036, 24984, 25796] -> [972, 3540, 4248, 5828, 14024, 17452, 20400, 22068, 23372, 24960, 24984, 25796]
  PROBLEM: BACKEND_RESTARTED_MID_ARM: [3540, 4248, 5828, 14024, 17452, 20076, 20400, 21468, 23372, 24036, 24984, 25796] -> [972, 3540, 4248, 5828, 14024, 17452, 20400, 22068, 23372, 24960, 24984, 25796]
  PROBLEM: BACKEND_RESTARTED_MID_ARM: [3540, 4248, 5828, 14024, 17452, 20076, 20400, 21468, 23372, 24036, 24984, 25796] -> [972, 3540, 4248, 5828, 14024, 17452, 20400, 22068, 23372, 24960, 24984, 25796]
  PROBLEM: BACKEND_RESTARTED_MID_ARM: [3540, 4248, 5828, 14024, 17452, 20076, 20400, 21468, 23372, 24036, 24984, 25796] -> [972, 3540, 4248, 5828, 14024, 17452, 20400, 22068, 23372, 24960, 24984, 25796]
  PROBLEM: BACKEND_RESTARTED_MID_ARM: [3540, 4248, 5828, 14024, 17452, 20076, 20400, 21468, 23372, 24036, 24984, 25796] -> [972, 3540, 4248, 5828, 14024, 17452, 20400, 22068, 23372, 24960, 24984, 25796]
  PROBLEM: BACKEND_RESTARTED_MID_ARM: [3540, 4248, 5828, 14024, 17452, 20076, 20400, 21468, 23372, 24036, 24984, 25796] -> [972, 3540, 4248, 5828, 14024, 17452, 20400, 22068, 23372, 24960, 24984, 25796]
  PROBLEM: BACKEND_RESTARTED_MID_ARM: [3540, 4248, 5828, 14024, 17452, 20076, 20400, 21468, 23372, 24036, 24984, 25796] -> [972, 3540, 4248, 5828, 14024, 17452, 20400, 22068, 23372, 24960, 24984, 25796]
  PROBLEM: BACKEND_RESTARTED_MID_ARM: [3540, 4248, 5828, 14024, 17452, 20076, 20400, 21468, 23372, 24036, 24984, 25796] -> [972, 3540, 4248, 5828, 14024, 17452, 20400, 22068, 23372, 24960, 24984, 25796]
  PROBLEM: BACKEND_RESTARTED_MID_ARM: [3540, 4248, 5828, 14024, 17452, 20076, 20400, 21468, 23372, 24036, 24984, 25796] -> [972, 3540, 4248, 5828, 14024, 17452, 20400, 22068, 23372, 24960, 24984, 25796]
  PROBLEM: BACKEND_RESTARTED_MID_ARM: [3540, 4248, 5828, 14024, 17452, 20076, 20400, 21468, 23372, 24036, 24984, 25796] -> [972, 3540, 4248, 5828, 14024, 17452, 20400, 22068, 23372, 24960, 24984, 25796]
  PROBLEM: BACKEND_RESTARTED_MID_ARM: [3540, 4248, 5828, 14024, 17452, 20076, 20400, 21468, 23372, 24036, 24984, 25796] -> [972, 3540, 4248, 5828, 14024, 17452, 20400, 22068, 23372, 24960, 24984, 25796]
  PROBLEM: BACKEND_RESTARTED_MID_ARM: [3540, 4248, 5828, 14024, 17452, 20076, 20400, 21468, 23372, 24036, 24984, 25796] -> [972, 3540, 4248, 5828, 14024, 17452, 20400, 22068, 23372, 24960, 24984, 25796]
  PROBLEM: BACKEND_RESTARTED_MID_ARM: [3540, 4248, 5828, 14024, 17452, 20076, 20400, 21468, 23372, 24036, 24984, 25796] -> [3540, 4248, 5828, 14024, 17452, 20400, 22068, 23372, 24960, 24984, 25796, 27568]
  PROBLEM: BACKEND_RESTARTED_MID_ARM: [3540, 4248, 5828, 14024, 17452, 20076, 20400, 21468, 23372, 24036, 24984, 25796] -> [3540, 4248, 5828, 14024, 17452, 20400, 22068, 23372, 24960, 24984, 25796, 27568]
  PROBLEM: BACKEND_RESTARTED_MID_ARM: [3540, 4248, 5828, 14024, 17452, 20076, 20400, 21468, 23372, 24036, 24984, 25796] -> [3540, 4248, 5828, 14024, 17452, 20400, 22068, 23372, 24960, 24984, 25796, 27568]
  PROBLEM: BACKEND_RESTARTED_MID_ARM: [3540, 4248, 5828, 14024, 17452, 20076, 20400, 21468, 23372, 24036, 24984, 25796] -> [3540, 4248, 5828, 14024, 17452, 20400, 22068, 23372, 24960, 24984, 25796, 27568]
  PROBLEM: BACKEND_RESTARTED_MID_ARM: [3540, 4248, 5828, 14024, 17452, 20076, 20400, 21468, 23372, 24036, 24984, 25796] -> [3540, 4248, 5828, 14024, 17452, 20400, 22068, 23372, 24960, 24984, 25796, 27568]
  PROBLEM: BACKEND_RESTARTED_MID_ARM: [3540, 4248, 5828, 14024, 17452, 20076, 20400, 21468, 23372, 24036, 24984, 25796] -> [3540, 4248, 5828, 14024, 17452, 20400, 22068, 23372, 24960, 24984, 25796, 27568]
  PROBLEM: BACKEND_RESTARTED_MID_ARM: [3540, 4248, 5828, 14024, 17452, 20076, 20400, 21468, 23372, 24036, 24984, 25796] -> [3540, 4248, 5828, 14024, 17452, 20400, 22068, 23372, 24960, 24984, 25796, 27568]
  PROBLEM: BACKEND_RESTARTED_MID_ARM: [3540, 4248, 5828, 14024, 17452, 20076, 20400, 21468, 23372, 24036, 24984, 25796] -> [3540, 4248, 5828, 14024, 17452, 20400, 22068, 23372, 24960, 24984, 25796, 27568]
  PROBLEM: BACKEND_RESTARTED_MID_ARM: [3540, 4248, 5828, 14024, 17452, 20076, 20400, 21468, 23372, 24036, 24984, 25796] -> [3540, 4248, 5828, 14024, 17452, 20400, 22068, 23372, 24960, 24984, 25796, 27568]
  PROBLEM: BACKEND_RESTARTED_MID_ARM: [3540, 4248, 5828, 14024, 17452, 20076, 20400, 21468, 23372, 24036, 24984, 25796] -> [3540, 4248, 5828, 14024, 17452, 20400, 22068, 23372, 24960, 24984, 25796, 27568]
  PROBLEM: BACKEND_RESTARTED_MID_ARM: [3540, 4248, 5828, 14024, 17452, 20076, 20400, 21468, 23372, 24036, 24984, 25796] -> [3540, 4248, 5828, 14024, 17452, 20400, 22068, 23372, 24960, 24984, 25796, 27568]
  PROBLEM: BACKEND_RESTARTED_MID_ARM: [3540, 4248, 5828, 14024, 17452, 20076, 20400, 21468, 23372, 24036, 24984, 25796] -> [3540, 4248, 5828, 14024, 17452, 20400, 22068, 23372, 24960, 24984, 25796, 27568]
  PROBLEM: BACKEND_RESTARTED_MID_ARM: [3540, 4248, 5828, 14024, 17452, 20076, 20400, 21468, 23372, 24036, 24984, 25796] -> [3540, 4248, 5828, 14024, 17452, 20400, 22068, 23372, 24960, 24984, 25796, 27568]
  PROBLEM: BACKEND_RESTARTED_MID_ARM: [3540, 4248, 5828, 14024, 17452, 20076, 20400, 21468, 23372, 24036, 24984, 25796] -> [3540, 4248, 5828, 14024, 17452, 20400, 22068, 23372, 24960, 24984, 25796, 27568]
  PROBLEM: BACKEND_RESTARTED_MID_ARM: [3540, 4248, 5828, 14024, 17452, 20076, 20400, 21468, 23372, 24036, 24984, 25796] -> [3540, 4248, 5828, 14024, 17452, 20400, 22068, 23372, 24960, 24984, 25796, 27568]
  PROBLEM: BACKEND_RESTARTED_MID_ARM: [3540, 4248, 5828, 14024, 17452, 20076, 20400, 21468, 23372, 24036, 24984, 25796] -> [3540, 4248, 5828, 14024, 17452, 20400, 22068, 23372, 24960, 24984, 25796, 27568]
  PROBLEM: BACKEND_RESTARTED_MID_ARM: [3540, 4248, 5828, 14024, 17452, 20076, 20400, 21468, 23372, 24036, 24984, 25796] -> [3540, 4248, 5008, 5828, 14024, 17452, 20400, 22068, 23372, 24984, 25796, 27568]
  PROBLEM: BACKEND_RESTARTED_MID_ARM: [3540, 4248, 5828, 14024, 17452, 20076, 20400, 21468, 23372, 24036, 24984, 25796] -> [3540, 4248, 5008, 5828, 14024, 17452, 20400, 22068, 23372, 24984, 25796, 27568]
  PROBLEM: BACKEND_RESTARTED_MID_ARM: [3540, 4248, 5828, 14024, 17452, 20076, 20400, 21468, 23372, 24036, 24984, 25796] -> [3540, 4248, 5008, 5828, 14024, 17452, 20400, 22068, 23372, 24984, 25796, 27568]
  PROBLEM: BACKEND_RESTARTED_MID_ARM: [3540, 4248, 5828, 14024, 17452, 20076, 20400, 21468, 23372, 24036, 24984, 25796] -> [3540, 4248, 5008, 5828, 14024, 17452, 20400, 22068, 23372, 24984, 25796, 27568]
  PROBLEM: BACKEND_RESTARTED_MID_ARM: [3540, 4248, 5828, 14024, 17452, 20076, 20400, 21468, 23372, 24036, 24984, 25796] -> [3540, 4248, 5008, 5828, 14024, 17452, 20400, 22068, 23372, 24984, 25796, 27568]
  PROBLEM: BACKEND_RESTARTED_MID_ARM: [3540, 4248, 5828, 14024, 17452, 20076, 20400, 21468, 23372, 24036, 24984, 25796] -> [3540, 4248, 5008, 5828, 14024, 17452, 20400, 22068, 23372, 24984, 25796, 27568]
  PROBLEM: BACKEND_RESTARTED_MID_ARM: [3540, 4248, 5828, 14024, 17452, 20076, 20400, 21468, 23372, 24036, 24984, 25796] -> [3540, 4248, 5008, 5828, 14024, 17452, 20400, 22068, 23372, 24984, 25796, 27568]
  PROBLEM: BACKEND_RESTARTED_MID_ARM: [3540, 4248, 5828, 14024, 17452, 20076, 20400, 21468, 23372, 24036, 24984, 25796] -> [3540, 4248, 5008, 5828, 14024, 17452, 20400, 22068, 23372, 24984, 25796, 27568]
  PROBLEM: BACKEND_RESTARTED_MID_ARM: [3540, 4248, 5828, 14024, 17452, 20076, 20400, 21468, 23372, 24036, 24984, 25796] -> [3540, 4248, 5008, 5828, 14024, 17452, 20400, 22068, 23372, 24984, 25796, 27568]
  PROBLEM: BACKEND_RESTARTED_MID_ARM: [3540, 4248, 5828, 14024, 17452, 20076, 20400, 21468, 23372, 24036, 24984, 25796] -> [3540, 4248, 5008, 5828, 14024, 17452, 20400, 22068, 23372, 24984, 25796, 27568]
  PROBLEM: BACKEND_RESTARTED_MID_ARM: [3540, 4248, 5828, 14024, 17452, 20076, 20400, 21468, 23372, 24036, 24984, 25796] -> [3540, 4248, 5008, 5828, 14024, 17452, 20400, 22068, 23372, 24984, 25796, 27568]
  PROBLEM: BACKEND_RESTARTED_MID_ARM: [3540, 4248, 5828, 14024, 17452, 20076, 20400, 21468, 23372, 24036, 24984, 25796] -> [3540, 4248, 5008, 5828, 14024, 17452, 20400, 22068, 23372, 24984, 25796, 27568]
  PROBLEM: BACKEND_RESTARTED_MID_ARM: [3540, 4248, 5828, 14024, 17452, 20076, 20400, 21468, 23372, 24036, 24984, 25796] -> [3540, 4248, 5008, 5828, 14024, 17452, 20400, 22068, 23372, 24984, 25796, 27568]
  PROBLEM: BACKEND_RESTARTED_MID_ARM: [3540, 4248, 5828, 14024, 17452, 20076, 20400, 21468, 23372, 24036, 24984, 25796] -> [3540, 4248, 5008, 5828, 14024, 17452, 20400, 22068, 23372, 24984, 25796, 27568]
  PROBLEM: BACKEND_RESTARTED_MID_ARM: [3540, 4248, 5828, 14024, 17452, 20076, 20400, 21468, 23372, 24036, 24984, 25796] -> [3540, 4248, 5008, 5828, 14024, 17452, 20400, 22068, 23372, 24984, 25796, 27568]
  PROBLEM: BACKEND_RESTARTED_MID_ARM: [3540, 4248, 5828, 14024, 17452, 20076, 20400, 21468, 23372, 24036, 24984, 25796] -> [3540, 4248, 5008, 5828, 14024, 17452, 20400, 22068, 23372, 24984, 25796, 27568]
  PROBLEM: BACKEND_RESTARTED_MID_ARM: [3540, 4248, 5828, 14024, 17452, 20076, 20400, 21468, 23372, 24036, 24984, 25796] -> [3540, 4248, 5008, 5828, 14024, 17452, 20400, 22068, 23372, 24984, 25796, 27568]
  PROBLEM: BACKEND_RESTARTED_MID_ARM: [3540, 4248, 5828, 14024, 17452, 20076, 20400, 21468, 23372, 24036, 24984, 25796] -> [3540, 4248, 5008, 5828, 14024, 17452, 20400, 22068, 23372, 24984, 25796, 27568]
  PROBLEM: BACKEND_RESTARTED_MID_ARM: [3540, 4248, 5828, 14024, 17452, 20076, 20400, 21468, 23372, 24036, 24984, 25796] -> [3540, 4248, 5008, 5828, 14024, 17452, 20400, 23372, 24984, 25796, 26660, 27568]
  PROBLEM: BACKEND_RESTARTED_MID_ARM: [3540, 4248, 5828, 14024, 17452, 20076, 20400, 21468, 23372, 24036, 24984, 25796] -> [3540, 4248, 5008, 5828, 14024, 17452, 20400, 23372, 24984, 25796, 26660, 27568]
  PROBLEM: BACKEND_RESTARTED_MID_ARM: [3540, 4248, 5828, 14024, 17452, 20076, 20400, 21468, 23372, 24036, 24984, 25796] -> [3540, 4248, 5008, 5828, 14024, 17452, 20400, 23372, 24984, 25796, 26660, 27568]
  PROBLEM: BACKEND_RESTARTED_MID_ARM: [3540, 4248, 5828, 14024, 17452, 20076, 20400, 21468, 23372, 24036, 24984, 25796] -> [3540, 4248, 5008, 5828, 14024, 17452, 20400, 23372, 24984, 25796, 26660, 27568]
  PROBLEM: BACKEND_RESTARTED_MID_ARM: [3540, 4248, 5828, 14024, 17452, 20076, 20400, 21468, 23372, 24036, 24984, 25796] -> [3540, 4248, 5008, 5828, 14024, 17452, 20400, 23372, 24984, 25796, 26660, 27568]
  PROBLEM: BACKEND_RESTARTED_MID_ARM: [3540, 4248, 5828, 14024, 17452, 20076, 20400, 21468, 23372, 24036, 24984, 25796] -> [3540, 4248, 5008, 5828, 14024, 17452, 20400, 23372, 24984, 25796, 26660, 27568]
  PROBLEM: BACKEND_RESTARTED_MID_ARM: [3540, 4248, 5828, 14024, 17452, 20076, 20400, 21468, 23372, 24036, 24984, 25796] -> [3540, 4248, 5008, 5828, 14024, 17452, 20400, 23372, 24984, 25796, 26660, 27568]
  PROBLEM: BACKEND_RESTARTED_MID_ARM: [3540, 4248, 5828, 14024, 17452, 20076, 20400, 21468, 23372, 24036, 24984, 25796] -> [3540, 4248, 5008, 5828, 14024, 17452, 20400, 23372, 24984, 25796, 26660, 27568]
  PROBLEM: BACKEND_RESTARTED_MID_ARM: [3540, 4248, 5828, 14024, 17452, 20076, 20400, 21468, 23372, 24036, 24984, 25796] -> [3540, 4248, 5008, 5828, 14024, 17452, 20400, 23372, 24984, 25796, 26660, 27568]
  PROBLEM: BACKEND_RESTARTED_MID_ARM: [3540, 4248, 5828, 14024, 17452, 20076, 20400, 21468, 23372, 24036, 24984, 25796] -> [3540, 4248, 5008, 5828, 14024, 17452, 20400, 23372, 24984, 25796, 26660, 27568]
  PROBLEM: BACKEND_RESTARTED_MID_ARM: [3540, 4248, 5828, 14024, 17452, 20076, 20400, 21468, 23372, 24036, 24984, 25796] -> [3540, 4248, 5008, 5828, 14024, 17452, 20400, 23372, 24984, 25796, 26660, 27568]
  PROBLEM: BACKEND_RESTARTED_MID_ARM: [3540, 4248, 5828, 14024, 17452, 20076, 20400, 21468, 23372, 24036, 24984, 25796] -> [3540, 4248, 5008, 5828, 14024, 17452, 20400, 23372, 24984, 25796, 26660, 27568]
  PROBLEM: BACKEND_RESTARTED_MID_ARM: [3540, 4248, 5828, 14024, 17452, 20076, 20400, 21468, 23372, 24036, 24984, 25796] -> [3540, 4248, 5008, 5828, 14024, 17452, 20400, 23372, 24984, 25796, 26660, 27568]
  PROBLEM: BACKEND_RESTARTED_MID_ARM: [3540, 4248, 5828, 14024, 17452, 20076, 20400, 21468, 23372, 24036, 24984, 25796] -> [3540, 4248, 5008, 5828, 14024, 17452, 20400, 23372, 24984, 25796, 26660, 27568]
  PROBLEM: BACKEND_RESTARTED_MID_ARM: [3540, 4248, 5828, 14024, 17452, 20076, 20400, 21468, 23372, 24036, 24984, 25796] -> [3540, 4248, 5008, 5828, 14024, 17452, 20400, 23372, 24984, 25796, 26660, 27568]
  PROBLEM: BACKEND_RESTARTED_MID_ARM: [3540, 4248, 5828, 14024, 17452, 20076, 20400, 21468, 23372, 24036, 24984, 25796] -> [3540, 4248, 5008, 5828, 14024, 17452, 20400, 23372, 24984, 25796, 26660, 27568]
  PROBLEM: BACKEND_RESTARTED_MID_ARM: [3540, 4248, 5828, 14024, 17452, 20076, 20400, 21468, 23372, 24036, 24984, 25796] -> [3540, 4248, 5008, 5828, 14024, 17452, 20400, 23372, 24984, 25796, 26660, 27568]
  PROBLEM: BACKEND_RESTARTED_MID_ARM: [3540, 4248, 5828, 14024, 17452, 20076, 20400, 21468, 23372, 24036, 24984, 25796] -> [3540, 4248, 5008, 5828, 6036, 14024, 17452, 20400, 23372, 24984, 25796, 26660]
  PROBLEM: BACKEND_RESTARTED_MID_ARM: [3540, 4248, 5828, 14024, 17452, 20076, 20400, 21468, 23372, 24036, 24984, 25796] -> [3540, 4248, 5008, 5828, 6036, 14024, 17452, 20400, 23372, 24984, 25796, 26660]
  PROBLEM: BACKEND_RESTARTED_MID_ARM: [3540, 4248, 5828, 14024, 17452, 20076, 20400, 21468, 23372, 24036, 24984, 25796] -> [3540, 4248, 5008, 5828, 6036, 14024, 17452, 20400, 23372, 24984, 25796, 26660]
  PROBLEM: BACKEND_RESTARTED_MID_ARM: [3540, 4248, 5828, 14024, 17452, 20076, 20400, 21468, 23372, 24036, 24984, 25796] -> [3540, 4248, 5008, 5828, 6036, 14024, 17452, 20400, 23372, 24984, 25796, 26660]
  PROBLEM: BACKEND_RESTARTED_MID_ARM: [3540, 4248, 5828, 14024, 17452, 20076, 20400, 21468, 23372, 24036, 24984, 25796] -> [3540, 4248, 5008, 5828, 6036, 14024, 17452, 20400, 23372, 24984, 25796, 26660]
  PROBLEM: BACKEND_RESTARTED_MID_ARM: [3540, 4248, 5828, 14024, 17452, 20076, 20400, 21468, 23372, 24036, 24984, 25796] -> [3540, 4248, 5008, 5828, 6036, 14024, 17452, 20400, 23372, 24984, 25796, 26660]
  PROBLEM: BACKEND_RESTARTED_MID_ARM: [3540, 4248, 5828, 14024, 17452, 20076, 20400, 21468, 23372, 24036, 24984, 25796] -> [3540, 4248, 5008, 5828, 6036, 14024, 17452, 20400, 23372, 24984, 25796, 26660]
  PROBLEM: BACKEND_RESTARTED_MID_ARM: [3540, 4248, 5828, 14024, 17452, 20076, 20400, 21468, 23372, 24036, 24984, 25796] -> [3540, 4248, 5008, 5828, 6036, 14024, 17452, 20400, 23372, 24984, 25796, 26660]
  PROBLEM: BACKEND_RESTARTED_MID_ARM: [3540, 4248, 5828, 14024, 17452, 20076, 20400, 21468, 23372, 24036, 24984, 25796] -> [3540, 4248, 5008, 5828, 6036, 14024, 17452, 20400, 23372, 24984, 25796, 26660]
  PROBLEM: BACKEND_RESTARTED_MID_ARM: [3540, 4248, 5828, 14024, 17452, 20076, 20400, 21468, 23372, 24036, 24984, 25796] -> [3540, 4248, 5008, 5828, 6036, 14024, 17452, 20400, 23372, 24984, 25796, 26660]
  PROBLEM: BACKEND_RESTARTED_MID_ARM: [3540, 4248, 5828, 14024, 17452, 20076, 20400, 21468, 23372, 24036, 24984, 25796] -> [3540, 4248, 5008, 5828, 6036, 14024, 17452, 20400, 23372, 24984, 25796, 26660]
  PROBLEM: BACKEND_RESTARTED_MID_ARM: [3540, 4248, 5828, 14024, 17452, 20076, 20400, 21468, 23372, 24036, 24984, 25796] -> [3540, 4248, 5008, 5828, 6036, 14024, 17452, 20400, 23372, 24984, 25796, 26660]
  PROBLEM: BACKEND_RESTARTED_MID_ARM: [3540, 4248, 5828, 14024, 17452, 20076, 20400, 21468, 23372, 24036, 24984, 25796] -> [3540, 4248, 5008, 5828, 6036, 14024, 17452, 20400, 23372, 24984, 25796, 26660]
  PROBLEM: BACKEND_RESTARTED_MID_ARM: [3540, 4248, 5828, 14024, 17452, 20076, 20400, 21468, 23372, 24036, 24984, 25796] -> [3540, 4248, 5008, 5828, 6036, 14024, 17452, 20400, 23372, 24984, 25796, 26660]
  PROBLEM: BACKEND_RESTARTED_MID_ARM: [3540, 4248, 5828, 14024, 17452, 20076, 20400, 21468, 23372, 24036, 24984, 25796] -> [3540, 4248, 5008, 5828, 6036, 14024, 17452, 20400, 23372, 24984, 25796, 26660]
  PROBLEM: BACKEND_RESTARTED_MID_ARM: [3540, 4248, 5828, 14024, 17452, 20076, 20400, 21468, 23372, 24036, 24984, 25796] -> [3540, 4248, 5008, 5828, 6036, 14024, 17452, 20400, 23372, 24984, 25796, 26660]
  PROBLEM: BACKEND_RESTARTED_MID_ARM: [3540, 4248, 5828, 14024, 17452, 20076, 20400, 21468, 23372, 24036, 24984, 25796] -> [3540, 4248, 5008, 5828, 6036, 14024, 17452, 20400, 23372, 24984, 25796, 26660]
  PROBLEM: BACKEND_RESTARTED_MID_ARM: [3540, 4248, 5828, 14024, 17452, 20076, 20400, 21468, 23372, 24036, 24984, 25796] -> [3540, 4248, 5828, 6036, 14024, 17452, 20400, 23372, 24984, 25796, 26280, 26660]
  PROBLEM: BACKEND_RESTARTED_MID_ARM: [3540, 4248, 5828, 14024, 17452, 20076, 20400, 21468, 23372, 24036, 24984, 25796] -> [3540, 4248, 5828, 6036, 14024, 17452, 20400, 23372, 24984, 25796, 26280, 26660]
  PROBLEM: BACKEND_RESTARTED_MID_ARM: [3540, 4248, 5828, 14024, 17452, 20076, 20400, 21468, 23372, 24036, 24984, 25796] -> [3540, 4248, 5828, 6036, 14024, 17452, 20400, 23372, 24984, 25796, 26280, 26660]
  PROBLEM: BACKEND_RESTARTED_MID_ARM: [3540, 4248, 5828, 14024, 17452, 20076, 20400, 21468, 23372, 24036, 24984, 25796] -> [3540, 4248, 5828, 6036, 14024, 17452, 20400, 23372, 24984, 25796, 26280, 26660]
  PROBLEM: BACKEND_RESTARTED_MID_ARM: [3540, 4248, 5828, 14024, 17452, 20076, 20400, 21468, 23372, 24036, 24984, 25796] -> [3540, 4248, 5828, 6036, 14024, 17452, 20400, 23372, 24984, 25796, 26280, 26660]
  PROBLEM: BACKEND_RESTARTED_MID_ARM: [3540, 4248, 5828, 14024, 17452, 20076, 20400, 21468, 23372, 24036, 24984, 25796] -> [3540, 4248, 5828, 6036, 14024, 17452, 20400, 23372, 24984, 25796, 26280, 26660]
  PROBLEM: BACKEND_RESTARTED_MID_ARM: [3540, 4248, 5828, 14024, 17452, 20076, 20400, 21468, 23372, 24036, 24984, 25796] -> [3540, 4248, 5828, 6036, 14024, 17452, 20400, 23372, 24984, 25796, 26280, 26660]
  PROBLEM: BACKEND_RESTARTED_MID_ARM: [3540, 4248, 5828, 14024, 17452, 20076, 20400, 21468, 23372, 24036, 24984, 25796] -> [3540, 4248, 5828, 6036, 14024, 17452, 20400, 23372, 24984, 25796, 26280, 26660]
  PROBLEM: BACKEND_RESTARTED_MID_ARM: [3540, 4248, 5828, 14024, 17452, 20076, 20400, 21468, 23372, 24036, 24984, 25796] -> [3540, 4248, 5828, 6036, 14024, 17452, 20400, 23372, 24984, 25796, 26280, 26660]
  PROBLEM: BACKEND_RESTARTED_MID_ARM: [3540, 4248, 5828, 14024, 17452, 20076, 20400, 21468, 23372, 24036, 24984, 25796] -> [3540, 4248, 5828, 6036, 14024, 17452, 20400, 23372, 24984, 25796, 26280, 26660]
  PROBLEM: BACKEND_RESTARTED_MID_ARM: [3540, 4248, 5828, 14024, 17452, 20076, 20400, 21468, 23372, 24036, 24984, 25796] -> [3540, 4248, 5828, 6036, 14024, 17452, 20400, 23372, 24984, 25796, 26280, 26660]
  PROBLEM: BACKEND_RESTARTED_MID_ARM: [3540, 4248, 5828, 14024, 17452, 20076, 20400, 21468, 23372, 24036, 24984, 25796] -> [3540, 4248, 5828, 6036, 14024, 17452, 20400, 23372, 24984, 25796, 26280, 26660]
  PROBLEM: BACKEND_RESTARTED_MID_ARM: [3540, 4248, 5828, 14024, 17452, 20076, 20400, 21468, 23372, 24036, 24984, 25796] -> [3540, 4248, 5828, 6036, 14024, 17452, 20400, 23372, 24984, 25796, 26280, 26660]
  PROBLEM: BACKEND_RESTARTED_MID_ARM: [3540, 4248, 5828, 14024, 17452, 20076, 20400, 21468, 23372, 24036, 24984, 25796] -> [3540, 4248, 5828, 6036, 14024, 17452, 20400, 23372, 24984, 25796, 26280, 26660]
  PROBLEM: BACKEND_RESTARTED_MID_ARM: [3540, 4248, 5828, 14024, 17452, 20076, 20400, 21468, 23372, 24036, 24984, 25796] -> [3540, 4248, 5828, 6036, 14024, 17452, 20400, 23372, 24984, 25796, 26280, 26660]
  PROBLEM: BACKEND_RESTARTED_MID_ARM: [3540, 4248, 5828, 14024, 17452, 20076, 20400, 21468, 23372, 24036, 24984, 25796] -> [3540, 4248, 5828, 6036, 14024, 17452, 20400, 23372, 24984, 25796, 26280, 26660]
  PROBLEM: BACKEND_RESTARTED_MID_ARM: [3540, 4248, 5828, 14024, 17452, 20076, 20400, 21468, 23372, 24036, 24984, 25796] -> [3540, 4248, 5828, 6036, 14024, 17452, 20400, 23372, 24984, 25796, 26280, 26660]
  PROBLEM: BACKEND_RESTARTED_MID_ARM: [3540, 4248, 5828, 14024, 17452, 20076, 20400, 21468, 23372, 24036, 24984, 25796] -> [3540, 4248, 5828, 6036, 14024, 17452, 20400, 23372, 24984, 25796, 26280, 26336]
  PROBLEM: BACKEND_RESTARTED_MID_ARM: [3540, 4248, 5828, 14024, 17452, 20076, 20400, 21468, 23372, 24036, 24984, 25796] -> [3540, 4248, 5828, 6036, 14024, 17452, 20400, 23372, 24984, 25796, 26280, 26336]
  PROBLEM: BACKEND_RESTARTED_MID_ARM: [3540, 4248, 5828, 14024, 17452, 20076, 20400, 21468, 23372, 24036, 24984, 25796] -> [3540, 4248, 5828, 6036, 14024, 17452, 20400, 23372, 24984, 25796, 26280, 26336]
  PROBLEM: BACKEND_RESTARTED_MID_ARM: [3540, 4248, 5828, 14024, 17452, 20076, 20400, 21468, 23372, 24036, 24984, 25796] -> [3540, 4248, 5828, 6036, 14024, 17452, 20400, 23372, 24984, 25796, 26280, 26336]
  PROBLEM: BACKEND_RESTARTED_MID_ARM: [3540, 4248, 5828, 14024, 17452, 20076, 20400, 21468, 23372, 24036, 24984, 25796] -> [3540, 4248, 5828, 6036, 14024, 17452, 20400, 23372, 24984, 25796, 26280, 26336]
  PROBLEM: BACKEND_RESTARTED_MID_ARM: [3540, 4248, 5828, 14024, 17452, 20076, 20400, 21468, 23372, 24036, 24984, 25796] -> [3540, 4248, 5828, 6036, 14024, 17452, 20400, 23372, 24984, 25796, 26280, 26336]
  PROBLEM: BACKEND_RESTARTED_MID_ARM: [3540, 4248, 5828, 14024, 17452, 20076, 20400, 21468, 23372, 24036, 24984, 25796] -> [3540, 4248, 5828, 6036, 14024, 17452, 20400, 23372, 24984, 25796, 26280, 26336]
  PROBLEM: BACKEND_RESTARTED_MID_ARM: [3540, 4248, 5828, 14024, 17452, 20076, 20400, 21468, 23372, 24036, 24984, 25796] -> [3540, 4248, 5828, 6036, 14024, 17452, 20400, 23372, 24984, 25796, 26280, 26336]
  PROBLEM: BACKEND_RESTARTED_MID_ARM: [3540, 4248, 5828, 14024, 17452, 20076, 20400, 21468, 23372, 24036, 24984, 25796] -> [3540, 4248, 5828, 6036, 14024, 17452, 20400, 23372, 24984, 25796, 26280, 26336]
  PROBLEM: BACKEND_RESTARTED_MID_ARM: [3540, 4248, 5828, 14024, 17452, 20076, 20400, 21468, 23372, 24036, 24984, 25796] -> [3540, 4248, 5828, 6036, 14024, 17452, 20400, 23372, 24984, 25796, 26280, 26336]
  PROBLEM: BACKEND_RESTARTED_MID_ARM: [3540, 4248, 5828, 14024, 17452, 20076, 20400, 21468, 23372, 24036, 24984, 25796] -> [3540, 4248, 5828, 6036, 14024, 17452, 20400, 23372, 24984, 25796, 26280, 26336]
  PROBLEM: BACKEND_RESTARTED_MID_ARM: [3540, 4248, 5828, 14024, 17452, 20076, 20400, 21468, 23372, 24036, 24984, 25796] -> [3540, 4248, 5828, 6036, 14024, 17452, 20400, 23372, 24984, 25796, 26280, 26336]
  PROBLEM: BACKEND_RESTARTED_MID_ARM: [3540, 4248, 5828, 14024, 17452, 20076, 20400, 21468, 23372, 24036, 24984, 25796] -> [3540, 4248, 5828, 6036, 14024, 17452, 20400, 23372, 24984, 25796, 26280, 26336]
  PROBLEM: BACKEND_RESTARTED_MID_ARM: [3540, 4248, 5828, 14024, 17452, 20076, 20400, 21468, 23372, 24036, 24984, 25796] -> [3540, 4248, 5828, 6036, 14024, 17452, 20400, 23372, 24984, 25796, 26280, 26336]
  PROBLEM: BACKEND_RESTARTED_MID_ARM: [3540, 4248, 5828, 14024, 17452, 20076, 20400, 21468, 23372, 24036, 24984, 25796] -> [3540, 4248, 5828, 6036, 14024, 17452, 20400, 23372, 24984, 25796, 26280, 26336]
  PROBLEM: BACKEND_RESTARTED_MID_ARM: [3540, 4248, 5828, 14024, 17452, 20076, 20400, 21468, 23372, 24036, 24984, 25796] -> [3540, 4248, 5828, 6036, 14024, 17452, 20400, 23372, 24984, 25796, 26280, 26336]
  PROBLEM: BACKEND_RESTARTED_MID_ARM: [3540, 4248, 5828, 14024, 17452, 20076, 20400, 21468, 23372, 24036, 24984, 25796] -> [3540, 4248, 5828, 6036, 14024, 17452, 20400, 23372, 24984, 25796, 26280, 26336]
  PROBLEM: BACKEND_RESTARTED_MID_ARM: [3540, 4248, 5828, 14024, 17452, 20076, 20400, 21468, 23372, 24036, 24984, 25796] -> [3540, 4248, 5828, 7388, 14024, 17452, 20400, 23372, 24984, 25796, 26280, 26336]
  PROBLEM: BACKEND_RESTARTED_MID_ARM: [3540, 4248, 5828, 14024, 17452, 20076, 20400, 21468, 23372, 24036, 24984, 25796] -> [3540, 4248, 5828, 7388, 14024, 17452, 20400, 23372, 24984, 25796, 26280, 26336]
  PROBLEM: BACKEND_RESTARTED_MID_ARM: [3540, 4248, 5828, 14024, 17452, 20076, 20400, 21468, 23372, 24036, 24984, 25796] -> [3540, 4248, 5828, 7388, 14024, 17452, 20400, 23372, 24984, 25796, 26280, 26336]
  PROBLEM: BACKEND_RESTARTED_MID_ARM: [3540, 4248, 5828, 14024, 17452, 20076, 20400, 21468, 23372, 24036, 24984, 25796] -> [3540, 4248, 5828, 7388, 14024, 17452, 20400, 23372, 24984, 25796, 26280, 26336]
  PROBLEM: BACKEND_RESTARTED_MID_ARM: [3540, 4248, 5828, 14024, 17452, 20076, 20400, 21468, 23372, 24036, 24984, 25796] -> [3540, 4248, 5828, 7388, 14024, 17452, 20400, 23372, 24984, 25796, 26280, 26336]
  PROBLEM: BACKEND_RESTARTED_MID_ARM: [3540, 4248, 5828, 14024, 17452, 20076, 20400, 21468, 23372, 24036, 24984, 25796] -> [3540, 4248, 5828, 7388, 14024, 17452, 20400, 23372, 24984, 25796, 26280, 26336]
  PROBLEM: BACKEND_RESTARTED_MID_ARM: [3540, 4248, 5828, 14024, 17452, 20076, 20400, 21468, 23372, 24036, 24984, 25796] -> [3540, 4248, 5828, 7388, 14024, 17452, 20400, 23372, 24984, 25796, 26280, 26336]
  PROBLEM: BACKEND_RESTARTED_MID_ARM: [3540, 4248, 5828, 14024, 17452, 20076, 20400, 21468, 23372, 24036, 24984, 25796] -> [3540, 4248, 5828, 7388, 14024, 17452, 20400, 23372, 24984, 25796, 26280, 26336]
  PROBLEM: BACKEND_RESTARTED_MID_ARM: [3540, 4248, 5828, 14024, 17452, 20076, 20400, 21468, 23372, 24036, 24984, 25796] -> [3540, 4248, 5828, 7388, 14024, 17452, 20400, 23372, 24984, 25796, 26280, 26336]
  PROBLEM: BACKEND_RESTARTED_MID_ARM: [3540, 4248, 5828, 14024, 17452, 20076, 20400, 21468, 23372, 24036, 24984, 25796] -> [3540, 4248, 5828, 7388, 14024, 17452, 20400, 23372, 24984, 25796, 26280, 26336]
  PROBLEM: BACKEND_RESTARTED_MID_ARM: [3540, 4248, 5828, 14024, 17452, 20076, 20400, 21468, 23372, 24036, 24984, 25796] -> [3540, 4248, 5828, 7388, 14024, 17452, 20400, 23372, 24984, 25796, 26280, 26336]
  PROBLEM: BACKEND_RESTARTED_MID_ARM: [3540, 4248, 5828, 14024, 17452, 20076, 20400, 21468, 23372, 24036, 24984, 25796] -> [3540, 4248, 5828, 7388, 14024, 17452, 20400, 23372, 24984, 25796, 26280, 26336]
  PROBLEM: BACKEND_RESTARTED_MID_ARM: [3540, 4248, 5828, 14024, 17452, 20076, 20400, 21468, 23372, 24036, 24984, 25796] -> [3540, 4248, 5828, 7388, 14024, 17452, 20400, 23372, 24984, 25796, 26280, 26336]
  PROBLEM: BACKEND_RESTARTED_MID_ARM: [3540, 4248, 5828, 14024, 17452, 20076, 20400, 21468, 23372, 24036, 24984, 25796] -> [3540, 4248, 5828, 7388, 14024, 17452, 20400, 23372, 24984, 25796, 26280, 26336]
  PROBLEM: BACKEND_RESTARTED_MID_ARM: [3540, 4248, 5828, 14024, 17452, 20076, 20400, 21468, 23372, 24036, 24984, 25796] -> [3540, 4248, 5828, 7388, 14024, 17452, 20400, 23372, 24984, 25796, 26280, 26336]
  PROBLEM: BACKEND_RESTARTED_MID_ARM: [3540, 4248, 5828, 14024, 17452, 20076, 20400, 21468, 23372, 24036, 24984, 25796] -> [3540, 4248, 5828, 7388, 14024, 17452, 20400, 23372, 24984, 25796, 26280, 26336]
  PROBLEM: BACKEND_RESTARTED_MID_ARM: [3540, 4248, 5828, 14024, 17452, 20076, 20400, 21468, 23372, 24036, 24984, 25796] -> [3540, 4248, 5828, 7388, 14024, 17452, 20400, 23372, 24984, 25796, 26280, 26336]
  PROBLEM: BACKEND_RESTARTED_MID_ARM: [3540, 4248, 5828, 14024, 17452, 20076, 20400, 21468, 23372, 24036, 24984, 25796] -> [3540, 4248, 5828, 7388, 14024, 17452, 20400, 23372, 24984, 25752, 25796, 26336]
  PROBLEM: BACKEND_RESTARTED_MID_ARM: [3540, 4248, 5828, 14024, 17452, 20076, 20400, 21468, 23372, 24036, 24984, 25796] -> [3540, 4248, 5828, 7388, 14024, 17452, 20400, 23372, 24984, 25752, 25796, 26336]
  PROBLEM: BACKEND_RESTARTED_MID_ARM: [3540, 4248, 5828, 14024, 17452, 20076, 20400, 21468, 23372, 24036, 24984, 25796] -> [3540, 4248, 5828, 7388, 14024, 17452, 20400, 23372, 24984, 25752, 25796, 26336]
  PROBLEM: BACKEND_RESTARTED_MID_ARM: [3540, 4248, 5828, 14024, 17452, 20076, 20400, 21468, 23372, 24036, 24984, 25796] -> [3540, 4248, 5828, 7388, 14024, 17452, 20400, 23372, 24984, 25752, 25796, 26336]
  PROBLEM: BACKEND_RESTARTED_MID_ARM: [3540, 4248, 5828, 14024, 17452, 20076, 20400, 21468, 23372, 24036, 24984, 25796] -> [3540, 4248, 5828, 7388, 14024, 17452, 20400, 23372, 24984, 25752, 25796, 26336]
  PROBLEM: BACKEND_RESTARTED_MID_ARM: [3540, 4248, 5828, 14024, 17452, 20076, 20400, 21468, 23372, 24036, 24984, 25796] -> [3540, 4248, 5828, 7388, 14024, 17452, 20400, 23372, 24984, 25752, 25796, 26336]
  PROBLEM: BACKEND_RESTARTED_MID_ARM: [3540, 4248, 5828, 14024, 17452, 20076, 20400, 21468, 23372, 24036, 24984, 25796] -> [3540, 4248, 5828, 7388, 14024, 17452, 20400, 23372, 24984, 25752, 25796, 26336]
  PROBLEM: BACKEND_RESTARTED_MID_ARM: [3540, 4248, 5828, 14024, 17452, 20076, 20400, 21468, 23372, 24036, 24984, 25796] -> [3540, 4248, 5828, 7388, 14024, 17452, 20400, 23372, 24984, 25752, 25796, 26336]
  PROBLEM: BACKEND_RESTARTED_MID_ARM: [3540, 4248, 5828, 14024, 17452, 20076, 20400, 21468, 23372, 24036, 24984, 25796] -> [3540, 4248, 5828, 7388, 14024, 17452, 20400, 23372, 24984, 25752, 25796, 26336]
  PROBLEM: BACKEND_RESTARTED_MID_ARM: [3540, 4248, 5828, 14024, 17452, 20076, 20400, 21468, 23372, 24036, 24984, 25796] -> [3540, 4248, 5828, 7388, 14024, 17452, 20400, 23372, 24984, 25752, 25796, 26336]
  PROBLEM: BACKEND_RESTARTED_MID_ARM: [3540, 4248, 5828, 14024, 17452, 20076, 20400, 21468, 23372, 24036, 24984, 25796] -> [3540, 4248, 5828, 7388, 14024, 17452, 20400, 23372, 24984, 25752, 25796, 26336]
  PROBLEM: BACKEND_RESTARTED_MID_ARM: [3540, 4248, 5828, 14024, 17452, 20076, 20400, 21468, 23372, 24036, 24984, 25796] -> [3540, 4248, 5828, 7388, 14024, 17452, 20400, 23372, 24984, 25752, 25796, 26336]
  PROBLEM: BACKEND_RESTARTED_MID_ARM: [3540, 4248, 5828, 14024, 17452, 20076, 20400, 21468, 23372, 24036, 24984, 25796] -> [3540, 4248, 5828, 7388, 14024, 17452, 20400, 23372, 24984, 25752, 25796, 26336]
  PROBLEM: BACKEND_RESTARTED_MID_ARM: [3540, 4248, 5828, 14024, 17452, 20076, 20400, 21468, 23372, 24036, 24984, 25796] -> [3540, 4248, 5828, 7388, 14024, 17452, 20400, 23372, 24984, 25752, 25796, 26336]
  PROBLEM: BACKEND_RESTARTED_MID_ARM: [3540, 4248, 5828, 14024, 17452, 20076, 20400, 21468, 23372, 24036, 24984, 25796] -> [3540, 4248, 5828, 7388, 14024, 17452, 20400, 23372, 24984, 25752, 25796, 26336]
  PROBLEM: BACKEND_RESTARTED_MID_ARM: [3540, 4248, 5828, 14024, 17452, 20076, 20400, 21468, 23372, 24036, 24984, 25796] -> [3540, 4248, 5828, 7388, 14024, 17452, 20400, 23372, 24984, 25752, 25796, 26336]
  PROBLEM: BACKEND_RESTARTED_MID_ARM: [3540, 4248, 5828, 14024, 17452, 20076, 20400, 21468, 23372, 24036, 24984, 25796] -> [3540, 4248, 5828, 7388, 14024, 17452, 20400, 23372, 24984, 25752, 25796, 26336]
  PROBLEM: BACKEND_RESTARTED_MID_ARM: [3540, 4248, 5828, 14024, 17452, 20076, 20400, 21468, 23372, 24036, 24984, 25796] -> [3540, 4248, 5828, 7388, 14024, 17452, 20400, 23372, 24984, 25752, 25796, 27620]
  PROBLEM: BACKEND_RESTARTED_MID_ARM: [3540, 4248, 5828, 14024, 17452, 20076, 20400, 21468, 23372, 24036, 24984, 25796] -> [3540, 4248, 5828, 7388, 14024, 17452, 20400, 23372, 24984, 25752, 25796, 27620]
  PROBLEM: BACKEND_RESTARTED_MID_ARM: [3540, 4248, 5828, 14024, 17452, 20076, 20400, 21468, 23372, 24036, 24984, 25796] -> [3540, 4248, 5828, 7388, 14024, 17452, 20400, 23372, 24984, 25752, 25796, 27620]
  PROBLEM: BACKEND_RESTARTED_MID_ARM: [3540, 4248, 5828, 14024, 17452, 20076, 20400, 21468, 23372, 24036, 24984, 25796] -> [3540, 4248, 5828, 7388, 14024, 17452, 20400, 23372, 24984, 25752, 25796, 27620]
  PROBLEM: BACKEND_RESTARTED_MID_ARM: [3540, 4248, 5828, 14024, 17452, 20076, 20400, 21468, 23372, 24036, 24984, 25796] -> [3540, 4248, 5828, 7388, 14024, 17452, 20400, 23372, 24984, 25752, 25796, 27620]
  PROBLEM: BACKEND_RESTARTED_MID_ARM: [3540, 4248, 5828, 14024, 17452, 20076, 20400, 21468, 23372, 24036, 24984, 25796] -> [3540, 4248, 5828, 7388, 14024, 17452, 20400, 23372, 24984, 25752, 25796, 27620]
  PROBLEM: BACKEND_RESTARTED_MID_ARM: [3540, 4248, 5828, 14024, 17452, 20076, 20400, 21468, 23372, 24036, 24984, 25796] -> [3540, 4248, 5828, 7388, 14024, 17452, 20400, 23372, 24984, 25752, 25796, 27620]
  PROBLEM: BACKEND_RESTARTED_MID_ARM: [3540, 4248, 5828, 14024, 17452, 20076, 20400, 21468, 23372, 24036, 24984, 25796] -> [3540, 4248, 5828, 7388, 14024, 17452, 20400, 23372, 24984, 25752, 25796, 27620]
  PROBLEM: BACKEND_RESTARTED_MID_ARM: [3540, 4248, 5828, 14024, 17452, 20076, 20400, 21468, 23372, 24036, 24984, 25796] -> [3540, 4248, 5828, 7388, 14024, 17452, 20400, 23372, 24984, 25752, 25796, 27620]
  PROBLEM: BACKEND_RESTARTED_MID_ARM: [3540, 4248, 5828, 14024, 17452, 20076, 20400, 21468, 23372, 24036, 24984, 25796] -> [3540, 4248, 5828, 7388, 14024, 17452, 20400, 23372, 24984, 25752, 25796, 27620]
  PROBLEM: BACKEND_RESTARTED_MID_ARM: [3540, 4248, 5828, 14024, 17452, 20076, 20400, 21468, 23372, 24036, 24984, 25796] -> [3540, 4248, 5828, 7388, 14024, 17452, 20400, 23372, 24984, 25752, 25796, 27620]
  PROBLEM: BACKEND_RESTARTED_MID_ARM: [3540, 4248, 5828, 14024, 17452, 20076, 20400, 21468, 23372, 24036, 24984, 25796] -> [3540, 4248, 5828, 7388, 14024, 17452, 20400, 23372, 24984, 25752, 25796, 27620]
  PROBLEM: BACKEND_RESTARTED_MID_ARM: [3540, 4248, 5828, 14024, 17452, 20076, 20400, 21468, 23372, 24036, 24984, 25796] -> [3540, 4248, 5828, 7388, 14024, 17452, 20400, 23372, 24984, 25752, 25796, 27620]
  PROBLEM: BACKEND_RESTARTED_MID_ARM: [3540, 4248, 5828, 14024, 17452, 20076, 20400, 21468, 23372, 24036, 24984, 25796] -> [3540, 4248, 5828, 7388, 14024, 17452, 20400, 23372, 24984, 25752, 25796, 27620]
  PROBLEM: BACKEND_RESTARTED_MID_ARM: [3540, 4248, 5828, 14024, 17452, 20076, 20400, 21468, 23372, 24036, 24984, 25796] -> [3540, 4248, 5828, 7388, 14024, 17452, 20400, 23372, 24984, 25752, 25796, 27620]
  PROBLEM: BACKEND_RESTARTED_MID_ARM: [3540, 4248, 5828, 14024, 17452, 20076, 20400, 21468, 23372, 24036, 24984, 25796] -> [3540, 4248, 5828, 7388, 14024, 17452, 20400, 23372, 24984, 25752, 25796, 27620]
  PROBLEM: BACKEND_RESTARTED_MID_ARM: [3540, 4248, 5828, 14024, 17452, 20076, 20400, 21468, 23372, 24036, 24984, 25796] -> [3540, 4248, 5828, 7388, 14024, 17452, 20400, 23372, 24984, 25752, 25796, 27620]
  PROBLEM: BACKEND_RESTARTED_MID_ARM: [3540, 4248, 5828, 14024, 17452, 20076, 20400, 21468, 23372, 24036, 24984, 25796] -> [3540, 4248, 5828, 14024, 17452, 20400, 22500, 23372, 24984, 25752, 25796, 27620]
  PROBLEM: BACKEND_RESTARTED_MID_ARM: [3540, 4248, 5828, 14024, 17452, 20076, 20400, 21468, 23372, 24036, 24984, 25796] -> [3540, 4248, 5828, 14024, 17452, 20400, 22500, 23372, 24984, 25752, 25796, 27620]
  PROBLEM: BACKEND_RESTARTED_MID_ARM: [3540, 4248, 5828, 14024, 17452, 20076, 20400, 21468, 23372, 24036, 24984, 25796] -> [3540, 4248, 5828, 14024, 17452, 20400, 22500, 23372, 24984, 25752, 25796, 27620]
  PROBLEM: BACKEND_RESTARTED_MID_ARM: [3540, 4248, 5828, 14024, 17452, 20076, 20400, 21468, 23372, 24036, 24984, 25796] -> [3540, 4248, 5828, 14024, 17452, 20400, 22500, 23372, 24984, 25752, 25796, 27620]
  PROBLEM: BACKEND_RESTARTED_MID_ARM: [3540, 4248, 5828, 14024, 17452, 20076, 20400, 21468, 23372, 24036, 24984, 25796] -> [3540, 4248, 5828, 14024, 17452, 20400, 22500, 23372, 24984, 25752, 25796, 27620]
  PROBLEM: BACKEND_RESTARTED_MID_ARM: [3540, 4248, 5828, 14024, 17452, 20076, 20400, 21468, 23372, 24036, 24984, 25796] -> [3540, 4248, 5828, 14024, 17452, 20400, 22500, 23372, 24984, 25752, 25796, 27620]
  PROBLEM: BACKEND_RESTARTED_MID_ARM: [3540, 4248, 5828, 14024, 17452, 20076, 20400, 21468, 23372, 24036, 24984, 25796] -> [3540, 4248, 5828, 14024, 17452, 20400, 22500, 23372, 24984, 25752, 25796, 27620]
  PROBLEM: BACKEND_RESTARTED_MID_ARM: [3540, 4248, 5828, 14024, 17452, 20076, 20400, 21468, 23372, 24036, 24984, 25796] -> [3540, 4248, 5828, 14024, 17452, 20400, 22500, 23372, 24984, 25752, 25796, 27620]
  PROBLEM: BACKEND_RESTARTED_MID_ARM: [3540, 4248, 5828, 14024, 17452, 20076, 20400, 21468, 23372, 24036, 24984, 25796] -> [3540, 4248, 5828, 14024, 17452, 20400, 22500, 23372, 24984, 25752, 25796, 27620]
  PROBLEM: BACKEND_RESTARTED_MID_ARM: [3540, 4248, 5828, 14024, 17452, 20076, 20400, 21468, 23372, 24036, 24984, 25796] -> [3540, 4248, 5828, 14024, 17452, 20400, 22500, 23372, 24984, 25752, 25796, 27620]
  PROBLEM: BACKEND_RESTARTED_MID_ARM: [3540, 4248, 5828, 14024, 17452, 20076, 20400, 21468, 23372, 24036, 24984, 25796] -> [3540, 4248, 5828, 14024, 17452, 20400, 22500, 23372, 24984, 25752, 25796, 27620]
  PROBLEM: BACKEND_RESTARTED_MID_ARM: [3540, 4248, 5828, 14024, 17452, 20076, 20400, 21468, 23372, 24036, 24984, 25796] -> [3540, 4248, 5828, 14024, 17452, 20400, 22500, 23372, 24984, 25752, 25796, 27620]
  PROBLEM: BACKEND_RESTARTED_MID_ARM: [3540, 4248, 5828, 14024, 17452, 20076, 20400, 21468, 23372, 24036, 24984, 25796] -> [3540, 4248, 5828, 14024, 17452, 20400, 22500, 23372, 24984, 25752, 25796, 27620]
  PROBLEM: BACKEND_RESTARTED_MID_ARM: [3540, 4248, 5828, 14024, 17452, 20076, 20400, 21468, 23372, 24036, 24984, 25796] -> [3540, 4248, 5828, 14024, 17452, 20400, 22500, 23372, 24984, 25752, 25796, 27620]
  PROBLEM: BACKEND_RESTARTED_MID_ARM: [3540, 4248, 5828, 14024, 17452, 20076, 20400, 21468, 23372, 24036, 24984, 25796] -> [3540, 4248, 5828, 14024, 17452, 20400, 22500, 23372, 24984, 25752, 25796, 27620]
  PROBLEM: BACKEND_RESTARTED_MID_ARM: [3540, 4248, 5828, 14024, 17452, 20076, 20400, 21468, 23372, 24036, 24984, 25796] -> [3540, 4248, 5828, 14024, 17452, 20400, 22500, 23372, 24984, 25752, 25796, 27620]
  PROBLEM: BACKEND_RESTARTED_MID_ARM: [3540, 4248, 5828, 14024, 17452, 20076, 20400, 21468, 23372, 24036, 24984, 25796] -> [3540, 4248, 5828, 14024, 17452, 20400, 22500, 23372, 24984, 25752, 25796, 27620]
  PROBLEM: BACKEND_RESTARTED_MID_ARM: [3540, 4248, 5828, 14024, 17452, 20076, 20400, 21468, 23372, 24036, 24984, 25796] -> [3540, 4248, 5828, 14024, 17452, 20400, 22500, 23372, 24984, 25796, 26480, 27620]
  PROBLEM: BACKEND_RESTARTED_MID_ARM: [3540, 4248, 5828, 14024, 17452, 20076, 20400, 21468, 23372, 24036, 24984, 25796] -> [3540, 4248, 5828, 14024, 17452, 20400, 22500, 23372, 24984, 25796, 26480, 27620]
  PROBLEM: BACKEND_RESTARTED_MID_ARM: [3540, 4248, 5828, 14024, 17452, 20076, 20400, 21468, 23372, 24036, 24984, 25796] -> [3540, 4248, 5828, 14024, 17452, 20400, 22500, 23372, 24984, 25796, 26480, 27620]
  PROBLEM: BACKEND_RESTARTED_MID_ARM: [3540, 4248, 5828, 14024, 17452, 20076, 20400, 21468, 23372, 24036, 24984, 25796] -> [3540, 4248, 5828, 14024, 17452, 20400, 22500, 23372, 24984, 25796, 26480, 27620]
  PROBLEM: BACKEND_RESTARTED_MID_ARM: [3540, 4248, 5828, 14024, 17452, 20076, 20400, 21468, 23372, 24036, 24984, 25796] -> [3540, 4248, 5828, 14024, 17452, 20400, 22500, 23372, 24984, 25796, 26480, 27620]
  PROBLEM: BACKEND_RESTARTED_MID_ARM: [3540, 4248, 5828, 14024, 17452, 20076, 20400, 21468, 23372, 24036, 24984, 25796] -> [3540, 4248, 5828, 14024, 17452, 20400, 22500, 23372, 24984, 25796, 26480, 27620]
  PROBLEM: BACKEND_RESTARTED_MID_ARM: [3540, 4248, 5828, 14024, 17452, 20076, 20400, 21468, 23372, 24036, 24984, 25796] -> [3540, 4248, 5828, 14024, 17452, 20400, 22500, 23372, 24984, 25796, 26480, 27620]
  PROBLEM: BACKEND_RESTARTED_MID_ARM: [3540, 4248, 5828, 14024, 17452, 20076, 20400, 21468, 23372, 24036, 24984, 25796] -> [3540, 4248, 5828, 14024, 17452, 20400, 22500, 23372, 24984, 25796, 26480, 27620]
  PROBLEM: BACKEND_RESTARTED_MID_ARM: [3540, 4248, 5828, 14024, 17452, 20076, 20400, 21468, 23372, 24036, 24984, 25796] -> [3540, 4248, 5828, 14024, 17452, 20400, 22500, 23372, 24984, 25796, 26480, 27620]
  PROBLEM: BACKEND_RESTARTED_MID_ARM: [3540, 4248, 5828, 14024, 17452, 20076, 20400, 21468, 23372, 24036, 24984, 25796] -> [3540, 4248, 5828, 14024, 17452, 20400, 22500, 23372, 24984, 25796, 26480, 27620]
  PROBLEM: BACKEND_RESTARTED_MID_ARM: [3540, 4248, 5828, 14024, 17452, 20076, 20400, 21468, 23372, 24036, 24984, 25796] -> [3540, 4248, 5828, 14024, 17452, 20400, 22500, 23372, 24984, 25796, 26480, 27620]
  PROBLEM: BACKEND_RESTARTED_MID_ARM: [3540, 4248, 5828, 14024, 17452, 20076, 20400, 21468, 23372, 24036, 24984, 25796] -> [3540, 4248, 5828, 14024, 17452, 20400, 22500, 23372, 24984, 25796, 26480, 27620]
  PROBLEM: BACKEND_RESTARTED_MID_ARM: [3540, 4248, 5828, 14024, 17452, 20076, 20400, 21468, 23372, 24036, 24984, 25796] -> [3540, 4248, 5828, 14024, 17452, 20400, 22500, 23372, 24984, 25796, 26480, 27620]
  PROBLEM: BACKEND_RESTARTED_MID_ARM: [3540, 4248, 5828, 14024, 17452, 20076, 20400, 21468, 23372, 24036, 24984, 25796] -> [3540, 4248, 5828, 14024, 17452, 20400, 22500, 23372, 24984, 25796, 26480, 27620]
  PROBLEM: BACKEND_RESTARTED_MID_ARM: [3540, 4248, 5828, 14024, 17452, 20076, 20400, 21468, 23372, 24036, 24984, 25796] -> [3540, 4248, 5828, 14024, 17452, 20400, 22500, 23372, 24984, 25796, 26480, 27620]
  PROBLEM: BACKEND_RESTARTED_MID_ARM: [3540, 4248, 5828, 14024, 17452, 20076, 20400, 21468, 23372, 24036, 24984, 25796] -> [3540, 4248, 5828, 14024, 17452, 20400, 22500, 23372, 24984, 25796, 26480, 27620]
  PROBLEM: BACKEND_RESTARTED_MID_ARM: [3540, 4248, 5828, 14024, 17452, 20076, 20400, 21468, 23372, 24036, 24984, 25796] -> [3540, 4248, 5828, 14024, 17452, 20400, 22500, 23372, 24984, 25796, 26480, 27620]
  PROBLEM: BACKEND_RESTARTED_MID_ARM: [3540, 4248, 5828, 14024, 17452, 20076, 20400, 21468, 23372, 24036, 24984, 25796] -> [3540, 4248, 5828, 14024, 17452, 20400, 22500, 22688, 23372, 24984, 25796, 26480]
  PROBLEM: BACKEND_RESTARTED_MID_ARM: [3540, 4248, 5828, 14024, 17452, 20076, 20400, 21468, 23372, 24036, 24984, 25796] -> [3540, 4248, 5828, 14024, 17452, 20400, 22500, 22688, 23372, 24984, 25796, 26480]
  PROBLEM: BACKEND_RESTARTED_MID_ARM: [3540, 4248, 5828, 14024, 17452, 20076, 20400, 21468, 23372, 24036, 24984, 25796] -> [3540, 4248, 5828, 14024, 17452, 20400, 22500, 22688, 23372, 24984, 25796, 26480]
  PROBLEM: BACKEND_RESTARTED_MID_ARM: [3540, 4248, 5828, 14024, 17452, 20076, 20400, 21468, 23372, 24036, 24984, 25796] -> [3540, 4248, 5828, 14024, 17452, 20400, 22500, 22688, 23372, 24984, 25796, 26480]
  PROBLEM: BACKEND_RESTARTED_MID_ARM: [3540, 4248, 5828, 14024, 17452, 20076, 20400, 21468, 23372, 24036, 24984, 25796] -> [3540, 4248, 5828, 14024, 17452, 20400, 22500, 22688, 23372, 24984, 25796, 26480]
  PROBLEM: BACKEND_RESTARTED_MID_ARM: [3540, 4248, 5828, 14024, 17452, 20076, 20400, 21468, 23372, 24036, 24984, 25796] -> [3540, 4248, 5828, 14024, 17452, 20400, 22500, 22688, 23372, 24984, 25796, 26480]
  PROBLEM: BACKEND_RESTARTED_MID_ARM: [3540, 4248, 5828, 14024, 17452, 20076, 20400, 21468, 23372, 24036, 24984, 25796] -> [3540, 4248, 5828, 14024, 17452, 20400, 22500, 22688, 23372, 24984, 25796, 26480]
  PROBLEM: BACKEND_RESTARTED_MID_ARM: [3540, 4248, 5828, 14024, 17452, 20076, 20400, 21468, 23372, 24036, 24984, 25796] -> [3540, 4248, 5828, 14024, 17452, 20400, 22500, 22688, 23372, 24984, 25796, 26480]
  PROBLEM: BACKEND_RESTARTED_MID_ARM: [3540, 4248, 5828, 14024, 17452, 20076, 20400, 21468, 23372, 24036, 24984, 25796] -> [3540, 4248, 5828, 14024, 17452, 20400, 22500, 22688, 23372, 24984, 25796, 26480]
  PROBLEM: BACKEND_RESTARTED_MID_ARM: [3540, 4248, 5828, 14024, 17452, 20076, 20400, 21468, 23372, 24036, 24984, 25796] -> [3540, 4248, 5828, 14024, 17452, 20400, 22500, 22688, 23372, 24984, 25796, 26480]
  PROBLEM: BACKEND_RESTARTED_MID_ARM: [3540, 4248, 5828, 14024, 17452, 20076, 20400, 21468, 23372, 24036, 24984, 25796] -> [3540, 4248, 5828, 14024, 17452, 20400, 22500, 22688, 23372, 24984, 25796, 26480]
  PROBLEM: BACKEND_RESTARTED_MID_ARM: [3540, 4248, 5828, 14024, 17452, 20076, 20400, 21468, 23372, 24036, 24984, 25796] -> [3540, 4248, 5828, 14024, 17452, 20400, 22500, 22688, 23372, 24984, 25796, 26480]
  PROBLEM: BACKEND_RESTARTED_MID_ARM: [3540, 4248, 5828, 14024, 17452, 20076, 20400, 21468, 23372, 24036, 24984, 25796] -> [3540, 4248, 5828, 14024, 17452, 20400, 22500, 22688, 23372, 24984, 25796, 26480]
  PROBLEM: BACKEND_RESTARTED_MID_ARM: [3540, 4248, 5828, 14024, 17452, 20076, 20400, 21468, 23372, 24036, 24984, 25796] -> [3540, 4248, 5828, 14024, 17452, 20400, 22500, 22688, 23372, 24984, 25796, 26480]
  PROBLEM: BACKEND_RESTARTED_MID_ARM: [3540, 4248, 5828, 14024, 17452, 20076, 20400, 21468, 23372, 24036, 24984, 25796] -> [3540, 4248, 5828, 14024, 17452, 20400, 22500, 22688, 23372, 24984, 25796, 26480]
  PROBLEM: BACKEND_RESTARTED_MID_ARM: [3540, 4248, 5828, 14024, 17452, 20076, 20400, 21468, 23372, 24036, 24984, 25796] -> [3540, 4248, 5828, 14024, 17452, 20400, 22500, 22688, 23372, 24984, 25796, 26480]
  PROBLEM: BACKEND_RESTARTED_MID_ARM: [3540, 4248, 5828, 14024, 17452, 20076, 20400, 21468, 23372, 24036, 24984, 25796] -> [3540, 4248, 5828, 14024, 17452, 18172, 20400, 22688, 23372, 24984, 25796, 26480]
  PROBLEM: BACKEND_RESTARTED_MID_ARM: [3540, 4248, 5828, 14024, 17452, 20076, 20400, 21468, 23372, 24036, 24984, 25796] -> [3540, 4248, 5828, 14024, 17452, 18172, 20400, 22688, 23372, 24984, 25796, 26480]
  PROBLEM: BACKEND_RESTARTED_MID_ARM: [3540, 4248, 5828, 14024, 17452, 20076, 20400, 21468, 23372, 24036, 24984, 25796] -> [3540, 4248, 5828, 14024, 17452, 18172, 20400, 22688, 23372, 24984, 25796, 26480]
  PROBLEM: BACKEND_RESTARTED_MID_ARM: [3540, 4248, 5828, 14024, 17452, 20076, 20400, 21468, 23372, 24036, 24984, 25796] -> [3540, 4248, 5828, 14024, 17452, 18172, 20400, 22688, 23372, 24984, 25796, 26480]
  PROBLEM: BACKEND_RESTARTED_MID_ARM: [3540, 4248, 5828, 14024, 17452, 20076, 20400, 21468, 23372, 24036, 24984, 25796] -> [3540, 4248, 5828, 14024, 17452, 18172, 20400, 22688, 23372, 24984, 25796, 26480]
  PROBLEM: BACKEND_RESTARTED_MID_ARM: [3540, 4248, 5828, 14024, 17452, 20076, 20400, 21468, 23372, 24036, 24984, 25796] -> [3540, 4248, 5828, 14024, 17452, 18172, 20400, 22688, 23372, 24984, 25796, 26480]
  PROBLEM: BACKEND_RESTARTED_MID_ARM: [3540, 4248, 5828, 14024, 17452, 20076, 20400, 21468, 23372, 24036, 24984, 25796] -> [3540, 4248, 5828, 14024, 17452, 18172, 20400, 22688, 23372, 24984, 25796, 26480]
  PROBLEM: BACKEND_RESTARTED_MID_ARM: [3540, 4248, 5828, 14024, 17452, 20076, 20400, 21468, 23372, 24036, 24984, 25796] -> [3540, 4248, 5828, 14024, 17452, 18172, 20400, 22688, 23372, 24984, 25796, 26480]
  PROBLEM: BACKEND_RESTARTED_MID_ARM: [3540, 4248, 5828, 14024, 17452, 20076, 20400, 21468, 23372, 24036, 24984, 25796] -> [3540, 4248, 5828, 14024, 17452, 18172, 20400, 22688, 23372, 24984, 25796, 26480]
  PROBLEM: BACKEND_RESTARTED_MID_ARM: [3540, 4248, 5828, 14024, 17452, 20076, 20400, 21468, 23372, 24036, 24984, 25796] -> [3540, 4248, 5828, 14024, 17452, 18172, 20400, 22688, 23372, 24984, 25796, 26480]
  PROBLEM: BACKEND_RESTARTED_MID_ARM: [3540, 4248, 5828, 14024, 17452, 20076, 20400, 21468, 23372, 24036, 24984, 25796] -> [3540, 4248, 5828, 14024, 17452, 18172, 20400, 22688, 23372, 24984, 25796, 26480]
  PROBLEM: BACKEND_RESTARTED_MID_ARM: [3540, 4248, 5828, 14024, 17452, 20076, 20400, 21468, 23372, 24036, 24984, 25796] -> [3540, 4248, 5828, 14024, 17452, 18172, 20400, 22688, 23372, 24984, 25796, 26480]
  PROBLEM: BACKEND_RESTARTED_MID_ARM: [3540, 4248, 5828, 14024, 17452, 20076, 20400, 21468, 23372, 24036, 24984, 25796] -> [3540, 4248, 5828, 14024, 17452, 18172, 20400, 22688, 23372, 24984, 25796, 26480]
  PROBLEM: BACKEND_RESTARTED_MID_ARM: [3540, 4248, 5828, 14024, 17452, 20076, 20400, 21468, 23372, 24036, 24984, 25796] -> [3540, 4248, 5828, 14024, 17452, 18172, 20400, 22688, 23372, 24984, 25796, 26480]
  PROBLEM: BACKEND_RESTARTED_MID_ARM: [3540, 4248, 5828, 14024, 17452, 20076, 20400, 21468, 23372, 24036, 24984, 25796] -> [3540, 4248, 5828, 14024, 17452, 18172, 20400, 22688, 23372, 24984, 25796, 26480]
  PROBLEM: BACKEND_RESTARTED_MID_ARM: [3540, 4248, 5828, 14024, 17452, 20076, 20400, 21468, 23372, 24036, 24984, 25796] -> [3540, 4248, 5828, 14024, 17452, 18172, 20400, 22688, 23372, 24984, 25796, 26480]
  PROBLEM: BACKEND_RESTARTED_MID_ARM: [3540, 4248, 5828, 14024, 17452, 20076, 20400, 21468, 23372, 24036, 24984, 25796] -> [3540, 4248, 5828, 14024, 17452, 18172, 20400, 22688, 23372, 24984, 25796, 26480]
  PROBLEM: BACKEND_RESTARTED_MID_ARM: [3540, 4248, 5828, 14024, 17452, 20076, 20400, 21468, 23372, 24036, 24984, 25796] -> [3540, 4248, 5828, 14024, 17452, 18172, 20400, 22688, 23372, 24984, 25796, 26480]
  PROBLEM: BACKEND_RESTARTED_MID_ARM: [3540, 4248, 5828, 14024, 17452, 20076, 20400, 21468, 23372, 24036, 24984, 25796] -> [3540, 4248, 5828, 14024, 17452, 18172, 20400, 22688, 23372, 24332, 24984, 25796]
  PROBLEM: BACKEND_RESTARTED_MID_ARM: [3540, 4248, 5828, 14024, 17452, 20076, 20400, 21468, 23372, 24036, 24984, 25796] -> [3540, 4248, 5828, 14024, 17452, 18172, 20400, 22688, 23372, 24332, 24984, 25796]
  PROBLEM: BACKEND_RESTARTED_MID_ARM: [3540, 4248, 5828, 14024, 17452, 20076, 20400, 21468, 23372, 24036, 24984, 25796] -> [3540, 4248, 5828, 14024, 17452, 18172, 20400, 22688, 23372, 24332, 24984, 25796]
  PROBLEM: BACKEND_RESTARTED_MID_ARM: [3540, 4248, 5828, 14024, 17452, 20076, 20400, 21468, 23372, 24036, 24984, 25796] -> [3540, 4248, 5828, 14024, 17452, 18172, 20400, 22688, 23372, 24332, 24984, 25796]
  PROBLEM: BACKEND_RESTARTED_MID_ARM: [3540, 4248, 5828, 14024, 17452, 20076, 20400, 21468, 23372, 24036, 24984, 25796] -> [3540, 4248, 5828, 14024, 17452, 18172, 20400, 22688, 23372, 24332, 24984, 25796]
  PROBLEM: BACKEND_RESTARTED_MID_ARM: [3540, 4248, 5828, 14024, 17452, 20076, 20400, 21468, 23372, 24036, 24984, 25796] -> [3540, 4248, 5828, 14024, 17452, 18172, 20400, 22688, 23372, 24332, 24984, 25796]
  PROBLEM: BACKEND_RESTARTED_MID_ARM: [3540, 4248, 5828, 14024, 17452, 20076, 20400, 21468, 23372, 24036, 24984, 25796] -> [3540, 4248, 5828, 14024, 17452, 18172, 20400, 22688, 23372, 24332, 24984, 25796]
  PROBLEM: BACKEND_RESTARTED_MID_ARM: [3540, 4248, 5828, 14024, 17452, 20076, 20400, 21468, 23372, 24036, 24984, 25796] -> [3540, 4248, 5828, 14024, 17452, 18172, 20400, 22688, 23372, 24332, 24984, 25796]
  PROBLEM: BACKEND_RESTARTED_MID_ARM: [3540, 4248, 5828, 14024, 17452, 20076, 20400, 21468, 23372, 24036, 24984, 25796] -> [3540, 4248, 5828, 14024, 17452, 18172, 20400, 22688, 23372, 24332, 24984, 25796]
  PROBLEM: BACKEND_RESTARTED_MID_ARM: [3540, 4248, 5828, 14024, 17452, 20076, 20400, 21468, 23372, 24036, 24984, 25796] -> [3540, 4248, 5828, 14024, 17452, 18172, 20400, 22688, 23372, 24332, 24984, 25796]
  PROBLEM: BACKEND_RESTARTED_MID_ARM: [3540, 4248, 5828, 14024, 17452, 20076, 20400, 21468, 23372, 24036, 24984, 25796] -> [3540, 4248, 5828, 14024, 17452, 18172, 20400, 22688, 23372, 24332, 24984, 25796]
  PROBLEM: BACKEND_RESTARTED_MID_ARM: [3540, 4248, 5828, 14024, 17452, 20076, 20400, 21468, 23372, 24036, 24984, 25796] -> [3540, 4248, 5828, 14024, 17452, 18172, 20400, 22688, 23372, 24332, 24984, 25796]
  PROBLEM: BACKEND_RESTARTED_MID_ARM: [3540, 4248, 5828, 14024, 17452, 20076, 20400, 21468, 23372, 24036, 24984, 25796] -> [3540, 4248, 5828, 14024, 17452, 18172, 20400, 22688, 23372, 24332, 24984, 25796]
  PROBLEM: BACKEND_RESTARTED_MID_ARM: [3540, 4248, 5828, 14024, 17452, 20076, 20400, 21468, 23372, 24036, 24984, 25796] -> [3540, 4248, 5828, 14024, 17452, 18172, 20400, 22688, 23372, 24332, 24984, 25796]
  PROBLEM: BACKEND_RESTARTED_MID_ARM: [3540, 4248, 5828, 14024, 17452, 20076, 20400, 21468, 23372, 24036, 24984, 25796] -> [3540, 4248, 5828, 14024, 17452, 18172, 20400, 22688, 23372, 24332, 24984, 25796]
  PROBLEM: BACKEND_RESTARTED_MID_ARM: [3540, 4248, 5828, 14024, 17452, 20076, 20400, 21468, 23372, 24036, 24984, 25796] -> [3540, 4248, 5828, 14024, 17452, 18172, 20400, 22688, 23372, 24332, 24984, 25796]
  PROBLEM: BACKEND_RESTARTED_MID_ARM: [3540, 4248, 5828, 14024, 17452, 20076, 20400, 21468, 23372, 24036, 24984, 25796] -> [3540, 4248, 5828, 14024, 17452, 18172, 20400, 22688, 23372, 24332, 24984, 25796]
  PROBLEM: BACKEND_RESTARTED_MID_ARM: [3540, 4248, 5828, 14024, 17452, 20076, 20400, 21468, 23372, 24036, 24984, 25796] -> [3540, 4248, 5828, 14024, 17452, 18172, 19276, 20400, 23372, 24332, 24984, 25796]
  PROBLEM: BACKEND_RESTARTED_MID_ARM: [3540, 4248, 5828, 14024, 17452, 20076, 20400, 21468, 23372, 24036, 24984, 25796] -> [3540, 4248, 5828, 14024, 17452, 18172, 19276, 20400, 23372, 24332, 24984, 25796]
  PROBLEM: BACKEND_RESTARTED_MID_ARM: [3540, 4248, 5828, 14024, 17452, 20076, 20400, 21468, 23372, 24036, 24984, 25796] -> [3540, 4248, 5828, 14024, 17452, 18172, 19276, 20400, 23372, 24332, 24984, 25796]
  PROBLEM: BACKEND_RESTARTED_MID_ARM: [3540, 4248, 5828, 14024, 17452, 20076, 20400, 21468, 23372, 24036, 24984, 25796] -> [3540, 4248, 5828, 14024, 17452, 18172, 19276, 20400, 23372, 24332, 24984, 25796]
  PROBLEM: BACKEND_RESTARTED_MID_ARM: [3540, 4248, 5828, 14024, 17452, 20076, 20400, 21468, 23372, 24036, 24984, 25796] -> [3540, 4248, 5828, 14024, 17452, 18172, 19276, 20400, 23372, 24332, 24984, 25796]
  PROBLEM: BACKEND_RESTARTED_MID_ARM: [3540, 4248, 5828, 14024, 17452, 20076, 20400, 21468, 23372, 24036, 24984, 25796] -> [3540, 4248, 5828, 14024, 17452, 18172, 19276, 20400, 23372, 24332, 24984, 25796]
  PROBLEM: BACKEND_RESTARTED_MID_ARM: [3540, 4248, 5828, 14024, 17452, 20076, 20400, 21468, 23372, 24036, 24984, 25796] -> [3540, 4248, 5828, 14024, 17452, 18172, 19276, 20400, 23372, 24332, 24984, 25796]
  PROBLEM: BACKEND_RESTARTED_MID_ARM: [3540, 4248, 5828, 14024, 17452, 20076, 20400, 21468, 23372, 24036, 24984, 25796] -> [3540, 4248, 5828, 14024, 17452, 18172, 19276, 20400, 23372, 24332, 24984, 25796]
  PROBLEM: BACKEND_RESTARTED_MID_ARM: [3540, 4248, 5828, 14024, 17452, 20076, 20400, 21468, 23372, 24036, 24984, 25796] -> [3540, 4248, 5828, 14024, 17452, 18172, 19276, 20400, 23372, 24332, 24984, 25796]
  PROBLEM: BACKEND_RESTARTED_MID_ARM: [3540, 4248, 5828, 14024, 17452, 20076, 20400, 21468, 23372, 24036, 24984, 25796] -> [3540, 4248, 5828, 14024, 17452, 18172, 19276, 20400, 23372, 24332, 24984, 25796]
  PROBLEM: BACKEND_RESTARTED_MID_ARM: [3540, 4248, 5828, 14024, 17452, 20076, 20400, 21468, 23372, 24036, 24984, 25796] -> [3540, 4248, 5828, 14024, 17452, 18172, 19276, 20400, 23372, 24332, 24984, 25796]
  PROBLEM: BACKEND_RESTARTED_MID_ARM: [3540, 4248, 5828, 14024, 17452, 20076, 20400, 21468, 23372, 24036, 24984, 25796] -> [3540, 4248, 5828, 14024, 17452, 18172, 19276, 20400, 23372, 24332, 24984, 25796]
  PROBLEM: BACKEND_RESTARTED_MID_ARM: [3540, 4248, 5828, 14024, 17452, 20076, 20400, 21468, 23372, 24036, 24984, 25796] -> [3540, 4248, 5828, 14024, 17452, 18172, 19276, 20400, 23372, 24332, 24984, 25796]
  PROBLEM: BACKEND_RESTARTED_MID_ARM: [3540, 4248, 5828, 14024, 17452, 20076, 20400, 21468, 23372, 24036, 24984, 25796] -> [3540, 4248, 5828, 14024, 17452, 18172, 19276, 20400, 23372, 24332, 24984, 25796]
  PROBLEM: BACKEND_RESTARTED_MID_ARM: [3540, 4248, 5828, 14024, 17452, 20076, 20400, 21468, 23372, 24036, 24984, 25796] -> [3540, 4248, 5828, 14024, 17452, 18172, 19276, 20400, 23372, 24332, 24984, 25796]
  PROBLEM: BACKEND_RESTARTED_MID_ARM: [3540, 4248, 5828, 14024, 17452, 20076, 20400, 21468, 23372, 24036, 24984, 25796] -> [3540, 4248, 5828, 14024, 17452, 18172, 19276, 20400, 23372, 24332, 24984, 25796]
  PROBLEM: BACKEND_RESTARTED_MID_ARM: [3540, 4248, 5828, 14024, 17452, 20076, 20400, 21468, 23372, 24036, 24984, 25796] -> [3540, 4248, 5828, 14024, 17452, 18172, 19276, 20400, 23372, 24332, 24984, 25796]
  PROBLEM: BACKEND_RESTARTED_MID_ARM: [3540, 4248, 5828, 14024, 17452, 20076, 20400, 21468, 23372, 24036, 24984, 25796] -> [3232, 3540, 4248, 5828, 14024, 17452, 19276, 20400, 23372, 24332, 24984, 25796]
  PROBLEM: BACKEND_RESTARTED_MID_ARM: [3540, 4248, 5828, 14024, 17452, 20076, 20400, 21468, 23372, 24036, 24984, 25796] -> [3232, 3540, 4248, 5828, 14024, 17452, 19276, 20400, 23372, 24332, 24984, 25796]
  PROBLEM: BACKEND_RESTARTED_MID_ARM: [3540, 4248, 5828, 14024, 17452, 20076, 20400, 21468, 23372, 24036, 24984, 25796] -> [3232, 3540, 4248, 5828, 14024, 17452, 19276, 20400, 23372, 24332, 24984, 25796]
  PROBLEM: BACKEND_RESTARTED_MID_ARM: [3540, 4248, 5828, 14024, 17452, 20076, 20400, 21468, 23372, 24036, 24984, 25796] -> [3232, 3540, 4248, 5828, 14024, 17452, 19276, 20400, 23372, 24332, 24984, 25796]
  PROBLEM: BACKEND_RESTARTED_MID_ARM: [3540, 4248, 5828, 14024, 17452, 20076, 20400, 21468, 23372, 24036, 24984, 25796] -> [3232, 3540, 4248, 5828, 14024, 17452, 19276, 20400, 23372, 24332, 24984, 25796]
  PROBLEM: BACKEND_RESTARTED_MID_ARM: [3540, 4248, 5828, 14024, 17452, 20076, 20400, 21468, 23372, 24036, 24984, 25796] -> [3232, 3540, 4248, 5828, 14024, 17452, 19276, 20400, 23372, 24332, 24984, 25796]
  PROBLEM: BACKEND_RESTARTED_MID_ARM: [3540, 4248, 5828, 14024, 17452, 20076, 20400, 21468, 23372, 24036, 24984, 25796] -> [3232, 3540, 4248, 5828, 14024, 17452, 19276, 20400, 23372, 24332, 24984, 25796]
  PROBLEM: BACKEND_RESTARTED_MID_ARM: [3540, 4248, 5828, 14024, 17452, 20076, 20400, 21468, 23372, 24036, 24984, 25796] -> [3232, 3540, 4248, 5828, 14024, 17452, 19276, 20400, 23372, 24332, 24984, 25796]
  PROBLEM: BACKEND_RESTARTED_MID_ARM: [3540, 4248, 5828, 14024, 17452, 20076, 20400, 21468, 23372, 24036, 24984, 25796] -> [3232, 3540, 4248, 5828, 14024, 17452, 19276, 20400, 23372, 24332, 24984, 25796]
  PROBLEM: BACKEND_RESTARTED_MID_ARM: [3540, 4248, 5828, 14024, 17452, 20076, 20400, 21468, 23372, 24036, 24984, 25796] -> [3232, 3540, 4248, 5828, 14024, 17452, 19276, 20400, 23372, 24332, 24984, 25796]
  PROBLEM: BACKEND_RESTARTED_MID_ARM: [3540, 4248, 5828, 14024, 17452, 20076, 20400, 21468, 23372, 24036, 24984, 25796] -> [3232, 3540, 4248, 5828, 14024, 17452, 19276, 20400, 23372, 24332, 24984, 25796]
  PROBLEM: BACKEND_RESTARTED_MID_ARM: [3540, 4248, 5828, 14024, 17452, 20076, 20400, 21468, 23372, 24036, 24984, 25796] -> [3232, 3540, 4248, 5828, 14024, 17452, 19276, 20400, 23372, 24332, 24984, 25796]
  PROBLEM: BACKEND_RESTARTED_MID_ARM: [3540, 4248, 5828, 14024, 17452, 20076, 20400, 21468, 23372, 24036, 24984, 25796] -> [3232, 3540, 4248, 5828, 14024, 17452, 19276, 20400, 23372, 24332, 24984, 25796]
  PROBLEM: BACKEND_RESTARTED_MID_ARM: [3540, 4248, 5828, 14024, 17452, 20076, 20400, 21468, 23372, 24036, 24984, 25796] -> [3232, 3540, 4248, 5828, 14024, 17452, 19276, 20400, 23372, 24332, 24984, 25796]
  PROBLEM: BACKEND_RESTARTED_MID_ARM: [3540, 4248, 5828, 14024, 17452, 20076, 20400, 21468, 23372, 24036, 24984, 25796] -> [3232, 3540, 4248, 5828, 14024, 17452, 19276, 20400, 23372, 24332, 24984, 25796]
  PROBLEM: BACKEND_RESTARTED_MID_ARM: [3540, 4248, 5828, 14024, 17452, 20076, 20400, 21468, 23372, 24036, 24984, 25796] -> [3232, 3540, 4248, 5828, 14024, 17452, 19276, 20400, 23372, 24332, 24984, 25796]
  PROBLEM: BACKEND_RESTARTED_MID_ARM: [3540, 4248, 5828, 14024, 17452, 20076, 20400, 21468, 23372, 24036, 24984, 25796] -> [3232, 3540, 4248, 5828, 14024, 17452, 19276, 20400, 23372, 24332, 24984, 25796]
  PROBLEM: BACKEND_RESTARTED_MID_ARM: [3540, 4248, 5828, 14024, 17452, 20076, 20400, 21468, 23372, 24036, 24984, 25796] -> [3232, 3540, 4248, 5828, 14024, 17452, 19276, 20400, 23372, 24984, 25796, 26632]
  PROBLEM: BACKEND_RESTARTED_MID_ARM: [3540, 4248, 5828, 14024, 17452, 20076, 20400, 21468, 23372, 24036, 24984, 25796] -> [3232, 3540, 4248, 5828, 14024, 17452, 19276, 20400, 23372, 24984, 25796, 26632]
  PROBLEM: BACKEND_RESTARTED_MID_ARM: [3540, 4248, 5828, 14024, 17452, 20076, 20400, 21468, 23372, 24036, 24984, 25796] -> [3232, 3540, 4248, 5828, 14024, 17452, 19276, 20400, 23372, 24984, 25796, 26632]
  PROBLEM: BACKEND_RESTARTED_MID_ARM: [3540, 4248, 5828, 14024, 17452, 20076, 20400, 21468, 23372, 24036, 24984, 25796] -> [3232, 3540, 4248, 5828, 14024, 17452, 19276, 20400, 23372, 24984, 25796, 26632]
  PROBLEM: BACKEND_RESTARTED_MID_ARM: [3540, 4248, 5828, 14024, 17452, 20076, 20400, 21468, 23372, 24036, 24984, 25796] -> [3232, 3540, 4248, 5828, 14024, 17452, 19276, 20400, 23372, 24984, 25796, 26632]
  PROBLEM: BACKEND_RESTARTED_MID_ARM: [3540, 4248, 5828, 14024, 17452, 20076, 20400, 21468, 23372, 24036, 24984, 25796] -> [3232, 3540, 4248, 5828, 14024, 17452, 19276, 20400, 23372, 24984, 25796, 26632]
  PROBLEM: BACKEND_RESTARTED_MID_ARM: [3540, 4248, 5828, 14024, 17452, 20076, 20400, 21468, 23372, 24036, 24984, 25796] -> [3232, 3540, 4248, 5828, 14024, 17452, 19276, 20400, 23372, 24984, 25796, 26632]
  PROBLEM: BACKEND_RESTARTED_MID_ARM: [3540, 4248, 5828, 14024, 17452, 20076, 20400, 21468, 23372, 24036, 24984, 25796] -> [3232, 3540, 4248, 5828, 14024, 17452, 19276, 20400, 23372, 24984, 25796, 26632]
  PROBLEM: BACKEND_RESTARTED_MID_ARM: [3540, 4248, 5828, 14024, 17452, 20076, 20400, 21468, 23372, 24036, 24984, 25796] -> [3232, 3540, 4248, 5828, 14024, 17452, 19276, 20400, 23372, 24984, 25796, 26632]
  PROBLEM: BACKEND_RESTARTED_MID_ARM: [3540, 4248, 5828, 14024, 17452, 20076, 20400, 21468, 23372, 24036, 24984, 25796] -> [3232, 3540, 4248, 5828, 14024, 17452, 19276, 20400, 23372, 24984, 25796, 26632]
  PROBLEM: BACKEND_RESTARTED_MID_ARM: [3540, 4248, 5828, 14024, 17452, 20076, 20400, 21468, 23372, 24036, 24984, 25796] -> [3232, 3540, 4248, 5828, 14024, 17452, 19276, 20400, 23372, 24984, 25796, 26632]
  PROBLEM: BACKEND_RESTARTED_MID_ARM: [3540, 4248, 5828, 14024, 17452, 20076, 20400, 21468, 23372, 24036, 24984, 25796] -> [3232, 3540, 4248, 5828, 14024, 17452, 19276, 20400, 23372, 24984, 25796, 26632]
  PROBLEM: BACKEND_RESTARTED_MID_ARM: [3540, 4248, 5828, 14024, 17452, 20076, 20400, 21468, 23372, 24036, 24984, 25796] -> [3232, 3540, 4248, 5828, 14024, 17452, 19276, 20400, 23372, 24984, 25796, 26632]
  PROBLEM: BACKEND_RESTARTED_MID_ARM: [3540, 4248, 5828, 14024, 17452, 20076, 20400, 21468, 23372, 24036, 24984, 25796] -> [3232, 3540, 4248, 5828, 14024, 17452, 19276, 20400, 23372, 24984, 25796, 26632]
  PROBLEM: BACKEND_RESTARTED_MID_ARM: [3540, 4248, 5828, 14024, 17452, 20076, 20400, 21468, 23372, 24036, 24984, 25796] -> [3232, 3540, 4248, 5828, 14024, 17452, 19276, 20400, 23372, 24984, 25796, 26632]
  PROBLEM: BACKEND_RESTARTED_MID_ARM: [3540, 4248, 5828, 14024, 17452, 20076, 20400, 21468, 23372, 24036, 24984, 25796] -> [3232, 3540, 4248, 5828, 14024, 17452, 19276, 20400, 23372, 24984, 25796, 26632]
  PROBLEM: BACKEND_RESTARTED_MID_ARM: [3540, 4248, 5828, 14024, 17452, 20076, 20400, 21468, 23372, 24036, 24984, 25796] -> [3232, 3540, 4248, 5828, 14024, 17452, 19276, 20400, 23372, 24984, 25796, 26632]
  PROBLEM: BACKEND_RESTARTED_MID_ARM: [3540, 4248, 5828, 14024, 17452, 20076, 20400, 21468, 23372, 24036, 24984, 25796] -> [3232, 3540, 4248, 5828, 14024, 17452, 19980, 20400, 23372, 24984, 25796, 26632]
  PROBLEM: BACKEND_RESTARTED_MID_ARM: [3540, 4248, 5828, 14024, 17452, 20076, 20400, 21468, 23372, 24036, 24984, 25796] -> [3232, 3540, 4248, 5828, 14024, 17452, 19980, 20400, 23372, 24984, 25796, 26632]
  PROBLEM: BACKEND_RESTARTED_MID_ARM: [3540, 4248, 5828, 14024, 17452, 20076, 20400, 21468, 23372, 24036, 24984, 25796] -> [3232, 3540, 4248, 5828, 14024, 17452, 19980, 20400, 23372, 24984, 25796, 26632]
  PROBLEM: BACKEND_RESTARTED_MID_ARM: [3540, 4248, 5828, 14024, 17452, 20076, 20400, 21468, 23372, 24036, 24984, 25796] -> [3232, 3540, 4248, 5828, 14024, 17452, 19980, 20400, 23372, 24984, 25796, 26632]
  PROBLEM: BACKEND_RESTARTED_MID_ARM: [3540, 4248, 5828, 14024, 17452, 20076, 20400, 21468, 23372, 24036, 24984, 25796] -> [3232, 3540, 4248, 5828, 14024, 17452, 19980, 20400, 23372, 24984, 25796, 26632]
  PROBLEM: BACKEND_RESTARTED_MID_ARM: [3540, 4248, 5828, 14024, 17452, 20076, 20400, 21468, 23372, 24036, 24984, 25796] -> [3232, 3540, 4248, 5828, 14024, 17452, 19980, 20400, 23372, 24984, 25796, 26632]
  PROBLEM: BACKEND_RESTARTED_MID_ARM: [3540, 4248, 5828, 14024, 17452, 20076, 20400, 21468, 23372, 24036, 24984, 25796] -> [3232, 3540, 4248, 5828, 14024, 17452, 19980, 20400, 23372, 24984, 25796, 26632]
  PROBLEM: BACKEND_RESTARTED_MID_ARM: [3540, 4248, 5828, 14024, 17452, 20076, 20400, 21468, 23372, 24036, 24984, 25796] -> [3232, 3540, 4248, 5828, 14024, 17452, 19980, 20400, 23372, 24984, 25796, 26632]
  PROBLEM: BACKEND_RESTARTED_MID_ARM: [3540, 4248, 5828, 14024, 17452, 20076, 20400, 21468, 23372, 24036, 24984, 25796] -> [3232, 3540, 4248, 5828, 14024, 17452, 19980, 20400, 23372, 24984, 25796, 26632]
  PROBLEM: BACKEND_RESTARTED_MID_ARM: [3540, 4248, 5828, 14024, 17452, 20076, 20400, 21468, 23372, 24036, 24984, 25796] -> [3232, 3540, 4248, 5828, 14024, 17452, 19980, 20400, 23372, 24984, 25796, 26632]
  PROBLEM: BACKEND_RESTARTED_MID_ARM: [3540, 4248, 5828, 14024, 17452, 20076, 20400, 21468, 23372, 24036, 24984, 25796] -> [3232, 3540, 4248, 5828, 14024, 17452, 19980, 20400, 23372, 24984, 25796, 26632]
  PROBLEM: BACKEND_RESTARTED_MID_ARM: [3540, 4248, 5828, 14024, 17452, 20076, 20400, 21468, 23372, 24036, 24984, 25796] -> [3232, 3540, 4248, 5828, 14024, 17452, 19980, 20400, 23372, 24984, 25796, 26632]
  PROBLEM: BACKEND_RESTARTED_MID_ARM: [3540, 4248, 5828, 14024, 17452, 20076, 20400, 21468, 23372, 24036, 24984, 25796] -> [3232, 3540, 4248, 5828, 14024, 17452, 19980, 20400, 23372, 24984, 25796, 26632]
  PROBLEM: BACKEND_RESTARTED_MID_ARM: [3540, 4248, 5828, 14024, 17452, 20076, 20400, 21468, 23372, 24036, 24984, 25796] -> [3232, 3540, 4248, 5828, 14024, 17452, 19980, 20400, 23372, 24984, 25796, 26632]
  PROBLEM: BACKEND_RESTARTED_MID_ARM: [3540, 4248, 5828, 14024, 17452, 20076, 20400, 21468, 23372, 24036, 24984, 25796] -> [3232, 3540, 4248, 5828, 14024, 17452, 19980, 20400, 23372, 24984, 25796, 26632]
  PROBLEM: BACKEND_RESTARTED_MID_ARM: [3540, 4248, 5828, 14024, 17452, 20076, 20400, 21468, 23372, 24036, 24984, 25796] -> [3232, 3540, 4248, 5828, 14024, 17452, 19980, 20400, 23372, 24984, 25796, 26632]
  PROBLEM: BACKEND_RESTARTED_MID_ARM: [3540, 4248, 5828, 14024, 17452, 20076, 20400, 21468, 23372, 24036, 24984, 25796] -> [3232, 3540, 4248, 5828, 14024, 17452, 19980, 20400, 23372, 24984, 25796, 26632]
  PROBLEM: BACKEND_RESTARTED_MID_ARM: [3540, 4248, 5828, 14024, 17452, 20076, 20400, 21468, 23372, 24036, 24984, 25796] -> [3540, 4248, 5828, 10680, 14024, 17452, 19980, 20400, 23372, 24984, 25796, 26632]
  PROBLEM: BACKEND_RESTARTED_MID_ARM: [3540, 4248, 5828, 14024, 17452, 20076, 20400, 21468, 23372, 24036, 24984, 25796] -> [3540, 4248, 5828, 10680, 14024, 17452, 19980, 20400, 23372, 24984, 25796, 26632]
  PROBLEM: BACKEND_RESTARTED_MID_ARM: [3540, 4248, 5828, 14024, 17452, 20076, 20400, 21468, 23372, 24036, 24984, 25796] -> [3540, 4248, 5828, 10680, 14024, 17452, 19980, 20400, 23372, 24984, 25796, 26632]
  PROBLEM: BACKEND_RESTARTED_MID_ARM: [3540, 4248, 5828, 14024, 17452, 20076, 20400, 21468, 23372, 24036, 24984, 25796] -> [3540, 4248, 5828, 10680, 14024, 17452, 19980, 20400, 23372, 24984, 25796, 26632]
  PROBLEM: BACKEND_RESTARTED_MID_ARM: [3540, 4248, 5828, 14024, 17452, 20076, 20400, 21468, 23372, 24036, 24984, 25796] -> [3540, 4248, 5828, 10680, 14024, 17452, 19980, 20400, 23372, 24984, 25796, 26632]
  PROBLEM: BACKEND_RESTARTED_MID_ARM: [3540, 4248, 5828, 14024, 17452, 20076, 20400, 21468, 23372, 24036, 24984, 25796] -> [3540, 4248, 5828, 10680, 14024, 17452, 19980, 20400, 23372, 24984, 25796, 26632]
  PROBLEM: BACKEND_RESTARTED_MID_ARM: [3540, 4248, 5828, 14024, 17452, 20076, 20400, 21468, 23372, 24036, 24984, 25796] -> [3540, 4248, 5828, 10680, 14024, 17452, 19980, 20400, 23372, 24984, 25796, 26632]
  PROBLEM: BACKEND_RESTARTED_MID_ARM: [3540, 4248, 5828, 14024, 17452, 20076, 20400, 21468, 23372, 24036, 24984, 25796] -> [3540, 4248, 5828, 10680, 14024, 17452, 19980, 20400, 23372, 24984, 25796, 26632]
  PROBLEM: BACKEND_RESTARTED_MID_ARM: [3540, 4248, 5828, 14024, 17452, 20076, 20400, 21468, 23372, 24036, 24984, 25796] -> [3540, 4248, 5828, 10680, 14024, 17452, 19980, 20400, 23372, 24984, 25796, 26632]
  PROBLEM: BACKEND_RESTARTED_MID_ARM: [3540, 4248, 5828, 14024, 17452, 20076, 20400, 21468, 23372, 24036, 24984, 25796] -> [3540, 4248, 5828, 10680, 14024, 17452, 19980, 20400, 23372, 24984, 25796, 26632]
  PROBLEM: BACKEND_RESTARTED_MID_ARM: [3540, 4248, 5828, 14024, 17452, 20076, 20400, 21468, 23372, 24036, 24984, 25796] -> [3540, 4248, 5828, 10680, 14024, 17452, 19980, 20400, 23372, 24984, 25796, 26632]
  PROBLEM: BACKEND_RESTARTED_MID_ARM: [3540, 4248, 5828, 14024, 17452, 20076, 20400, 21468, 23372, 24036, 24984, 25796] -> [3540, 4248, 5828, 10680, 14024, 17452, 19980, 20400, 23372, 24984, 25796, 26632]
  PROBLEM: BACKEND_RESTARTED_MID_ARM: [3540, 4248, 5828, 14024, 17452, 20076, 20400, 21468, 23372, 24036, 24984, 25796] -> [3540, 4248, 5828, 10680, 14024, 17452, 19980, 20400, 23372, 24984, 25796, 26632]
  PROBLEM: BACKEND_RESTARTED_MID_ARM: [3540, 4248, 5828, 14024, 17452, 20076, 20400, 21468, 23372, 24036, 24984, 25796] -> [3540, 4248, 5828, 10680, 14024, 17452, 19980, 20400, 23372, 24984, 25796, 26632]
  PROBLEM: BACKEND_RESTARTED_MID_ARM: [3540, 4248, 5828, 14024, 17452, 20076, 20400, 21468, 23372, 24036, 24984, 25796] -> [3540, 4248, 5828, 10680, 14024, 17452, 19980, 20400, 23372, 24984, 25796, 26632]
  PROBLEM: BACKEND_RESTARTED_MID_ARM: [3540, 4248, 5828, 14024, 17452, 20076, 20400, 21468, 23372, 24036, 24984, 25796] -> [3540, 4248, 5828, 10680, 14024, 17452, 19980, 20400, 23372, 24984, 25796, 26632]
  PROBLEM: BACKEND_RESTARTED_MID_ARM: [3540, 4248, 5828, 14024, 17452, 20076, 20400, 21468, 23372, 24036, 24984, 25796] -> [3540, 4248, 5828, 10680, 14024, 17452, 19980, 20400, 23372, 24984, 25796, 26632]
  PROBLEM: BACKEND_RESTARTED_MID_ARM: [3540, 4248, 5828, 14024, 17452, 20076, 20400, 21468, 23372, 24036, 24984, 25796] -> [3540, 4248, 5828, 10680, 14024, 17452, 19980, 20400, 23372, 24984, 25340, 25796]
  PROBLEM: BACKEND_RESTARTED_MID_ARM: [3540, 4248, 5828, 14024, 17452, 20076, 20400, 21468, 23372, 24036, 24984, 25796] -> [3540, 4248, 5828, 10680, 14024, 17452, 19980, 20400, 23372, 24984, 25340, 25796]
  PROBLEM: BACKEND_RESTARTED_MID_ARM: [3540, 4248, 5828, 14024, 17452, 20076, 20400, 21468, 23372, 24036, 24984, 25796] -> [3540, 4248, 5828, 10680, 14024, 17452, 19980, 20400, 23372, 24984, 25340, 25796]
  PROBLEM: BACKEND_RESTARTED_MID_ARM: [3540, 4248, 5828, 14024, 17452, 20076, 20400, 21468, 23372, 24036, 24984, 25796] -> [3540, 4248, 5828, 10680, 14024, 17452, 19980, 20400, 23372, 24984, 25340, 25796]
  PROBLEM: BACKEND_RESTARTED_MID_ARM: [3540, 4248, 5828, 14024, 17452, 20076, 20400, 21468, 23372, 24036, 24984, 25796] -> [3540, 4248, 5828, 10680, 14024, 17452, 19980, 20400, 23372, 24984, 25340, 25796]
  PROBLEM: BACKEND_RESTARTED_MID_ARM: [3540, 4248, 5828, 14024, 17452, 20076, 20400, 21468, 23372, 24036, 24984, 25796] -> [3540, 4248, 5828, 10680, 14024, 17452, 19980, 20400, 23372, 24984, 25340, 25796]
  PROBLEM: BACKEND_RESTARTED_MID_ARM: [3540, 4248, 5828, 14024, 17452, 20076, 20400, 21468, 23372, 24036, 24984, 25796] -> [3540, 4248, 5828, 10680, 14024, 17452, 19980, 20400, 23372, 24984, 25340, 25796]
  PROBLEM: BACKEND_RESTARTED_MID_ARM: [3540, 4248, 5828, 14024, 17452, 20076, 20400, 21468, 23372, 24036, 24984, 25796] -> [3540, 4248, 5828, 10680, 14024, 17452, 19980, 20400, 23372, 24984, 25340, 25796]
  PROBLEM: BACKEND_RESTARTED_MID_ARM: [3540, 4248, 5828, 14024, 17452, 20076, 20400, 21468, 23372, 24036, 24984, 25796] -> [3540, 4248, 5828, 10680, 14024, 17452, 19980, 20400, 23372, 24984, 25340, 25796]
  PROBLEM: BACKEND_RESTARTED_MID_ARM: [3540, 4248, 5828, 14024, 17452, 20076, 20400, 21468, 23372, 24036, 24984, 25796] -> [3540, 4248, 5828, 10680, 14024, 17452, 19980, 20400, 23372, 24984, 25340, 25796]
  PROBLEM: BACKEND_RESTARTED_MID_ARM: [3540, 4248, 5828, 14024, 17452, 20076, 20400, 21468, 23372, 24036, 24984, 25796] -> [3540, 4248, 5828, 10680, 14024, 17452, 19980, 20400, 23372, 24984, 25340, 25796]
  PROBLEM: BACKEND_RESTARTED_MID_ARM: [3540, 4248, 5828, 14024, 17452, 20076, 20400, 21468, 23372, 24036, 24984, 25796] -> [3540, 4248, 5828, 10680, 14024, 17452, 19980, 20400, 23372, 24984, 25340, 25796]
  PROBLEM: BACKEND_RESTARTED_MID_ARM: [3540, 4248, 5828, 14024, 17452, 20076, 20400, 21468, 23372, 24036, 24984, 25796] -> [3540, 4248, 5828, 10680, 14024, 17452, 19980, 20400, 23372, 24984, 25340, 25796]
  PROBLEM: BACKEND_RESTARTED_MID_ARM: [3540, 4248, 5828, 14024, 17452, 20076, 20400, 21468, 23372, 24036, 24984, 25796] -> [3540, 4248, 5828, 10680, 14024, 17452, 19980, 20400, 23372, 24984, 25340, 25796]
  PROBLEM: BACKEND_RESTARTED_MID_ARM: [3540, 4248, 5828, 14024, 17452, 20076, 20400, 21468, 23372, 24036, 24984, 25796] -> [3540, 4248, 5828, 10680, 14024, 17452, 19980, 20400, 23372, 24984, 25340, 25796]
  PROBLEM: BACKEND_RESTARTED_MID_ARM: [3540, 4248, 5828, 14024, 17452, 20076, 20400, 21468, 23372, 24036, 24984, 25796] -> [3540, 4248, 5828, 10680, 14024, 17452, 19980, 20400, 23372, 24984, 25340, 25796]
  PROBLEM: BACKEND_RESTARTED_MID_ARM: [3540, 4248, 5828, 14024, 17452, 20076, 20400, 21468, 23372, 24036, 24984, 25796] -> [3540, 4248, 5828, 10680, 14024, 17452, 19980, 20400, 23372, 24984, 25340, 25796]
  PROBLEM: BACKEND_RESTARTED_MID_ARM: [3540, 4248, 5828, 14024, 17452, 20076, 20400, 21468, 23372, 24036, 24984, 25796] -> [3540, 4248, 5828, 10680, 14024, 17400, 17452, 20400, 23372, 24984, 25340, 25796]
  PROBLEM: BACKEND_RESTARTED_MID_ARM: [3540, 4248, 5828, 14024, 17452, 20076, 20400, 21468, 23372, 24036, 24984, 25796] -> [3540, 4248, 5828, 10680, 14024, 17400, 17452, 20400, 23372, 24984, 25340, 25796]
  PROBLEM: BACKEND_RESTARTED_MID_ARM: [3540, 4248, 5828, 14024, 17452, 20076, 20400, 21468, 23372, 24036, 24984, 25796] -> [3540, 4248, 5828, 10680, 14024, 17400, 17452, 20400, 23372, 24984, 25340, 25796]
  PROBLEM: BACKEND_RESTARTED_MID_ARM: [3540, 4248, 5828, 14024, 17452, 20076, 20400, 21468, 23372, 24036, 24984, 25796] -> [3540, 4248, 5828, 10680, 14024, 17400, 17452, 20400, 23372, 24984, 25340, 25796]
  PROBLEM: BACKEND_RESTARTED_MID_ARM: [3540, 4248, 5828, 14024, 17452, 20076, 20400, 21468, 23372, 24036, 24984, 25796] -> [3540, 4248, 5828, 10680, 14024, 17400, 17452, 20400, 23372, 24984, 25340, 25796]
  PROBLEM: BACKEND_RESTARTED_MID_ARM: [3540, 4248, 5828, 14024, 17452, 20076, 20400, 21468, 23372, 24036, 24984, 25796] -> [3540, 4248, 5828, 10680, 14024, 17400, 17452, 20400, 23372, 24984, 25340, 25796]
  PROBLEM: BACKEND_RESTARTED_MID_ARM: [3540, 4248, 5828, 14024, 17452, 20076, 20400, 21468, 23372, 24036, 24984, 25796] -> [3540, 4248, 5828, 10680, 14024, 17400, 17452, 20400, 23372, 24984, 25340, 25796]
  PROBLEM: BACKEND_RESTARTED_MID_ARM: [3540, 4248, 5828, 14024, 17452, 20076, 20400, 21468, 23372, 24036, 24984, 25796] -> [3540, 4248, 5828, 10680, 14024, 17400, 17452, 20400, 23372, 24984, 25340, 25796]
  PROBLEM: BACKEND_RESTARTED_MID_ARM: [3540, 4248, 5828, 14024, 17452, 20076, 20400, 21468, 23372, 24036, 24984, 25796] -> [3540, 4248, 5828, 10680, 14024, 17400, 17452, 20400, 23372, 24984, 25340, 25796]
  PROBLEM: BACKEND_RESTARTED_MID_ARM: [3540, 4248, 5828, 14024, 17452, 20076, 20400, 21468, 23372, 24036, 24984, 25796] -> [3540, 4248, 5828, 10680, 14024, 17400, 17452, 20400, 23372, 24984, 25340, 25796]
  PROBLEM: BACKEND_RESTARTED_MID_ARM: [3540, 4248, 5828, 14024, 17452, 20076, 20400, 21468, 23372, 24036, 24984, 25796] -> [3540, 4248, 5828, 10680, 14024, 17400, 17452, 20400, 23372, 24984, 25340, 25796]
  PROBLEM: BACKEND_RESTARTED_MID_ARM: [3540, 4248, 5828, 14024, 17452, 20076, 20400, 21468, 23372, 24036, 24984, 25796] -> [3540, 4248, 5828, 10680, 14024, 17400, 17452, 20400, 23372, 24984, 25340, 25796]
  PROBLEM: BACKEND_RESTARTED_MID_ARM: [3540, 4248, 5828, 14024, 17452, 20076, 20400, 21468, 23372, 24036, 24984, 25796] -> [3540, 4248, 5828, 10680, 14024, 17400, 17452, 20400, 23372, 24984, 25340, 25796]
  PROBLEM: BACKEND_RESTARTED_MID_ARM: [3540, 4248, 5828, 14024, 17452, 20076, 20400, 21468, 23372, 24036, 24984, 25796] -> [3540, 4248, 5828, 10680, 14024, 17400, 17452, 20400, 23372, 24984, 25340, 25796]
  PROBLEM: BACKEND_RESTARTED_MID_ARM: [3540, 4248, 5828, 14024, 17452, 20076, 20400, 21468, 23372, 24036, 24984, 25796] -> [3540, 4248, 5828, 10680, 14024, 17400, 17452, 20400, 23372, 24984, 25340, 25796]
  PROBLEM: BACKEND_RESTARTED_MID_ARM: [3540, 4248, 5828, 14024, 17452, 20076, 20400, 21468, 23372, 24036, 24984, 25796] -> [3540, 4248, 5828, 10680, 14024, 17400, 17452, 20400, 23372, 24984, 25340, 25796]
  PROBLEM: BACKEND_RESTARTED_MID_ARM: [3540, 4248, 5828, 14024, 17452, 20076, 20400, 21468, 23372, 24036, 24984, 25796] -> [3540, 4248, 5828, 10680, 14024, 17400, 17452, 20400, 23372, 24984, 25340, 25796]
  PROBLEM: BACKEND_RESTARTED_MID_ARM: [3540, 4248, 5828, 14024, 17452, 20076, 20400, 21468, 23372, 24036, 24984, 25796] -> [3540, 4248, 4440, 5828, 14024, 17400, 17452, 20400, 23372, 24984, 25340, 25796]
  PROBLEM: BACKEND_RESTARTED_MID_ARM: [3540, 4248, 5828, 14024, 17452, 20076, 20400, 21468, 23372, 24036, 24984, 25796] -> [3540, 4248, 4440, 5828, 14024, 17400, 17452, 20400, 23372, 24984, 25340, 25796]
  PROBLEM: BACKEND_RESTARTED_MID_ARM: [3540, 4248, 5828, 14024, 17452, 20076, 20400, 21468, 23372, 24036, 24984, 25796] -> [3540, 4248, 4440, 5828, 14024, 17400, 17452, 20400, 23372, 24984, 25340, 25796]
  PROBLEM: BACKEND_RESTARTED_MID_ARM: [3540, 4248, 5828, 14024, 17452, 20076, 20400, 21468, 23372, 24036, 24984, 25796] -> [3540, 4248, 4440, 5828, 14024, 17400, 17452, 20400, 23372, 24984, 25340, 25796]
  PROBLEM: BACKEND_RESTARTED_MID_ARM: [3540, 4248, 5828, 14024, 17452, 20076, 20400, 21468, 23372, 24036, 24984, 25796] -> [3540, 4248, 4440, 5828, 14024, 17400, 17452, 20400, 23372, 24984, 25340, 25796]
  PROBLEM: BACKEND_RESTARTED_MID_ARM: [3540, 4248, 5828, 14024, 17452, 20076, 20400, 21468, 23372, 24036, 24984, 25796] -> [3540, 4248, 4440, 5828, 14024, 17400, 17452, 20400, 23372, 24984, 25340, 25796]
  PROBLEM: BACKEND_RESTARTED_MID_ARM: [3540, 4248, 5828, 14024, 17452, 20076, 20400, 21468, 23372, 24036, 24984, 25796] -> [3540, 4248, 4440, 5828, 14024, 17400, 17452, 20400, 23372, 24984, 25340, 25796]
  PROBLEM: BACKEND_RESTARTED_MID_ARM: [3540, 4248, 5828, 14024, 17452, 20076, 20400, 21468, 23372, 24036, 24984, 25796] -> [3540, 4248, 4440, 5828, 14024, 17400, 17452, 20400, 23372, 24984, 25340, 25796]
  PROBLEM: BACKEND_RESTARTED_MID_ARM: [3540, 4248, 5828, 14024, 17452, 20076, 20400, 21468, 23372, 24036, 24984, 25796] -> [3540, 4248, 4440, 5828, 14024, 17400, 17452, 20400, 23372, 24984, 25340, 25796]
  PROBLEM: BACKEND_RESTARTED_MID_ARM: [3540, 4248, 5828, 14024, 17452, 20076, 20400, 21468, 23372, 24036, 24984, 25796] -> [3540, 4248, 4440, 5828, 14024, 17400, 17452, 20400, 23372, 24984, 25340, 25796]
  PROBLEM: BACKEND_RESTARTED_MID_ARM: [3540, 4248, 5828, 14024, 17452, 20076, 20400, 21468, 23372, 24036, 24984, 25796] -> [3540, 4248, 4440, 5828, 14024, 17400, 17452, 20400, 23372, 24984, 25340, 25796]
  PROBLEM: BACKEND_RESTARTED_MID_ARM: [3540, 4248, 5828, 14024, 17452, 20076, 20400, 21468, 23372, 24036, 24984, 25796] -> [3540, 4248, 4440, 5828, 14024, 17400, 17452, 20400, 23372, 24984, 25340, 25796]
  PROBLEM: BACKEND_RESTARTED_MID_ARM: [3540, 4248, 5828, 14024, 17452, 20076, 20400, 21468, 23372, 24036, 24984, 25796] -> [3540, 4248, 4440, 5828, 14024, 17400, 17452, 20400, 23372, 24984, 25340, 25796]
  PROBLEM: BACKEND_RESTARTED_MID_ARM: [3540, 4248, 5828, 14024, 17452, 20076, 20400, 21468, 23372, 24036, 24984, 25796] -> [3540, 4248, 4440, 5828, 14024, 17400, 17452, 20400, 23372, 24984, 25340, 25796]
  PROBLEM: BACKEND_RESTARTED_MID_ARM: [3540, 4248, 5828, 14024, 17452, 20076, 20400, 21468, 23372, 24036, 24984, 25796] -> [3540, 4248, 4440, 5828, 14024, 17400, 17452, 20400, 23372, 24984, 25340, 25796]
  PROBLEM: BACKEND_RESTARTED_MID_ARM: [3540, 4248, 5828, 14024, 17452, 20076, 20400, 21468, 23372, 24036, 24984, 25796] -> [3540, 4248, 4440, 5828, 14024, 17400, 17452, 20400, 23372, 24984, 25340, 25796]
  PROBLEM: BACKEND_RESTARTED_MID_ARM: [3540, 4248, 5828, 14024, 17452, 20076, 20400, 21468, 23372, 24036, 24984, 25796] -> [3540, 4248, 4440, 5828, 14024, 14776, 17400, 17452, 20400, 23372, 24984, 25796]
  PROBLEM: BACKEND_RESTARTED_MID_ARM: [3540, 4248, 5828, 14024, 17452, 20076, 20400, 21468, 23372, 24036, 24984, 25796] -> [3540, 4248, 4440, 5828, 14024, 14776, 17400, 17452, 20400, 23372, 24984, 25796]
  PROBLEM: BACKEND_RESTARTED_MID_ARM: [3540, 4248, 5828, 14024, 17452, 20076, 20400, 21468, 23372, 24036, 24984, 25796] -> [3540, 4248, 4440, 5828, 14024, 14776, 17400, 17452, 20400, 23372, 24984, 25796]
  PROBLEM: BACKEND_RESTARTED_MID_ARM: [3540, 4248, 5828, 14024, 17452, 20076, 20400, 21468, 23372, 24036, 24984, 25796] -> [3540, 4248, 4440, 5828, 14024, 14776, 17400, 17452, 20400, 23372, 24984, 25796]
  PROBLEM: BACKEND_RESTARTED_MID_ARM: [3540, 4248, 5828, 14024, 17452, 20076, 20400, 21468, 23372, 24036, 24984, 25796] -> [3540, 4248, 4440, 5828, 14024, 14776, 17400, 17452, 20400, 23372, 24984, 25796]
  PROBLEM: BACKEND_RESTARTED_MID_ARM: [3540, 4248, 5828, 14024, 17452, 20076, 20400, 21468, 23372, 24036, 24984, 25796] -> [3540, 4248, 4440, 5828, 14024, 14776, 17400, 17452, 20400, 23372, 24984, 25796]
  PROBLEM: BACKEND_RESTARTED_MID_ARM: [3540, 4248, 5828, 14024, 17452, 20076, 20400, 21468, 23372, 24036, 24984, 25796] -> [3540, 4248, 4440, 5828, 14024, 14776, 17400, 17452, 20400, 23372, 24984, 25796]
  PROBLEM: BACKEND_RESTARTED_MID_ARM: [3540, 4248, 5828, 14024, 17452, 20076, 20400, 21468, 23372, 24036, 24984, 25796] -> [3540, 4248, 4440, 5828, 14024, 14776, 17400, 17452, 20400, 23372, 24984, 25796]
  PROBLEM: BACKEND_RESTARTED_MID_ARM: [3540, 4248, 5828, 14024, 17452, 20076, 20400, 21468, 23372, 24036, 24984, 25796] -> [3540, 4248, 4440, 5828, 14024, 14776, 17400, 17452, 20400, 23372, 24984, 25796]
  PROBLEM: BACKEND_RESTARTED_MID_ARM: [3540, 4248, 5828, 14024, 17452, 20076, 20400, 21468, 23372, 24036, 24984, 25796] -> [3540, 4248, 4440, 5828, 14024, 14776, 17400, 17452, 20400, 23372, 24984, 25796]
  PROBLEM: BACKEND_RESTARTED_MID_ARM: [3540, 4248, 5828, 14024, 17452, 20076, 20400, 21468, 23372, 24036, 24984, 25796] -> [3540, 4248, 4440, 5828, 14024, 14776, 17400, 17452, 20400, 23372, 24984, 25796]
  PROBLEM: BACKEND_RESTARTED_MID_ARM: [3540, 4248, 5828, 14024, 17452, 20076, 20400, 21468, 23372, 24036, 24984, 25796] -> [3540, 4248, 4440, 5828, 14024, 14776, 17400, 17452, 20400, 23372, 24984, 25796]
  PROBLEM: BACKEND_RESTARTED_MID_ARM: [3540, 4248, 5828, 14024, 17452, 20076, 20400, 21468, 23372, 24036, 24984, 25796] -> [3540, 4248, 4440, 5828, 14024, 14776, 17400, 17452, 20400, 23372, 24984, 25796]
  wrote docs/results/RUNTIME_MEMORY_RECOVERY_ONLY.json
